configuration_id,fold_id,session_date,SPY,QQQ,IWM,equal_weight
ou_vwap_fast,wf_2022,2022-01-03 00:00:00+00:00,0.0039923770623,0.00730120690053,-0.00132200234337,0.00332386053982
ou_vwap_fast,wf_2022,2022-01-04 00:00:00+00:00,0.00837943139946,-0.00193468633952,0,0.00214824835331
ou_vwap_fast,wf_2022,2022-01-05 00:00:00+00:00,-0.0117610094224,0,-0.00239872798939,-0.00471991247059
ou_vwap_fast,wf_2022,2022-01-06 00:00:00+00:00,0.00522812244283,0,0,0.00174270748094
ou_vwap_fast,wf_2022,2022-01-07 00:00:00+00:00,0,0,0,0
ou_vwap_fast,wf_2022,2022-01-10 00:00:00+00:00,-0.00725529376112,-0.00745369058174,0,-0.00490299478096
ou_vwap_fast,wf_2022,2022-01-11 00:00:00+00:00,0,0,0,0
ou_vwap_fast,wf_2022,2022-01-12 00:00:00+00:00,0,0,0,0
ou_vwap_fast,wf_2022,2022-01-13 00:00:00+00:00,0,0,0,0
ou_vwap_fast,wf_2022,2022-01-14 00:00:00+00:00,-0.00196717924635,0,0,-0.000655726415451
ou_vwap_fast,wf_2022,2022-01-18 00:00:00+00:00,0,0,0,0
ou_vwap_fast,wf_2022,2022-01-19 00:00:00+00:00,0.00912999306971,0.0183965386789,0,0.00917551058286
ou_vwap_fast,wf_2022,2022-01-20 00:00:00+00:00,-0.000175750032328,-0.00313760390819,0,-0.0011044513135
ou_vwap_fast,wf_2022,2022-01-21 00:00:00+00:00,-0.000515500914076,0.00609069927766,0,0.00185839945453
ou_vwap_fast,wf_2022,2022-01-24 00:00:00+00:00,-0.00634648211261,-0.00294959545194,0,-0.00309869252152
ou_vwap_fast,wf_2022,2022-01-25 00:00:00+00:00,0,0,0,0
ou_vwap_fast,wf_2022,2022-01-26 00:00:00+00:00,0,0,0,0
ou_vwap_fast,wf_2022,2022-01-27 00:00:00+00:00,0,0,0,0
ou_vwap_fast,wf_2022,2022-01-28 00:00:00+00:00,0,0,0,0
ou_vwap_fast,wf_2022,2022-01-31 00:00:00+00:00,0,0,0,0
ou_vwap_fast,wf_2022,2022-02-01 00:00:00+00:00,0,0,0,0
ou_vwap_fast,wf_2022,2022-02-02 00:00:00+00:00,0,0,0,0
ou_vwap_fast,wf_2022,2022-02-03 00:00:00+00:00,0.000482497266429,-0.00311948962787,0,-0.000878997453814
ou_vwap_fast,wf_2022,2022-02-04 00:00:00+00:00,0,0,0,0
ou_vwap_fast,wf_2022,2022-02-07 00:00:00+00:00,0,0,0,0
ou_vwap_fast,wf_2022,2022-02-08 00:00:00+00:00,0,0,0,0
ou_vwap_fast,wf_2022,2022-02-09 00:00:00+00:00,0,0,0,0
ou_vwap_fast,wf_2022,2022-02-10 00:00:00+00:00,-0.00480751864437,0,-0.0110994683436,-0.00530232899599
ou_vwap_fast,wf_2022,2022-02-11 00:00:00+00:00,-0.0001,0,-0.0001,-6.66666666667e-05
ou_vwap_fast,wf_2022,2022-02-14 00:00:00+00:00,0,0,0,0
ou_vwap_fast,wf_2022,2022-02-15 00:00:00+00:00,-0.00139599454819,-0.00555229928599,-0.00758907655541,-0.00484579012986
ou_vwap_fast,wf_2022,2022-02-16 00:00:00+00:00,0,0,0,0
ou_vwap_fast,wf_2022,2022-02-17 00:00:00+00:00,0,0,0,0
ou_vwap_fast,wf_2022,2022-02-18 00:00:00+00:00,0,0,0,0
ou_vwap_fast,wf_2022,2022-02-22 00:00:00+00:00,0,0,0,0
ou_vwap_fast,wf_2022,2022-02-23 00:00:00+00:00,0,0,0,0
ou_vwap_fast,wf_2022,2022-02-24 00:00:00+00:00,-0.00659670498488,-0.0206715946293,-0.0126419419496,-0.0133034138546
ou_vwap_fast,wf_2022,2022-02-25 00:00:00+00:00,-0.00650942646866,0,-0.0164478474991,-0.00765242465591
ou_vwap_fast,wf_2022,2022-02-28 00:00:00+00:00,0,0,0,0
ou_vwap_fast,wf_2022,2022-03-01 00:00:00+00:00,0,0,0,0
ou_vwap_fast,wf_2022,2022-03-02 00:00:00+00:00,0,0,0,0
ou_vwap_fast,wf_2022,2022-03-03 00:00:00+00:00,0,0,0,0
ou_vwap_fast,wf_2022,2022-03-04 00:00:00+00:00,0.00646204551573,0.00328340012292,0,0.00324848187955
ou_vwap_fast,wf_2022,2022-03-07 00:00:00+00:00,0,0,0,0
ou_vwap_fast,wf_2022,2022-03-08 00:00:00+00:00,-0.000650113796424,-0.0100049458196,0.0131117067024,0.000818882362136
ou_vwap_fast,wf_2022,2022-03-09 00:00:00+00:00,-0.0103604897952,-0.00505140286083,-0.00452759558465,-0.00664649608022
ou_vwap_fast,wf_2022,2022-03-10 00:00:00+00:00,0,0,0,0
ou_vwap_fast,wf_2022,2022-03-11 00:00:00+00:00,0,0,0,0
ou_vwap_fast,wf_2022,2022-03-14 00:00:00+00:00,0,0,0,0
ou_vwap_fast,wf_2022,2022-03-15 00:00:00+00:00,0,0,0,0
ou_vwap_fast,wf_2022,2022-03-16 00:00:00+00:00,0,0,0,0
ou_vwap_fast,wf_2022,2022-03-17 00:00:00+00:00,0,0,0,0
ou_vwap_fast,wf_2022,2022-03-18 00:00:00+00:00,0,0,0,0
ou_vwap_fast,wf_2022,2022-03-21 00:00:00+00:00,0.00449787719908,-0.00365301080908,-0.00148776131028,-0.000214298306759
ou_vwap_fast,wf_2022,2022-03-22 00:00:00+00:00,-0.0001,0,0,-3.33333333333e-05
ou_vwap_fast,wf_2022,2022-03-23 00:00:00+00:00,0,0,0,0
ou_vwap_fast,wf_2022,2022-03-24 00:00:00+00:00,0,0,0,0
ou_vwap_fast,wf_2022,2022-03-25 00:00:00+00:00,0,0,0,0
ou_vwap_fast,wf_2022,2022-03-28 00:00:00+00:00,0,0,0,0
ou_vwap_fast,wf_2022,2022-03-29 00:00:00+00:00,0.00312088370611,0,-0.00844131346613,-0.00177347658667
ou_vwap_fast,wf_2022,2022-03-30 00:00:00+00:00,0,0,0,0
ou_vwap_fast,wf_2022,2022-03-31 00:00:00+00:00,0,0,0,0
ou_vwap_fast,wf_2022,2022-04-01 00:00:00+00:00,0,0,0,0
ou_vwap_fast,wf_2022,2022-04-04 00:00:00+00:00,0.000615836281558,-0.00299721294796,0,-0.000793792222134
ou_vwap_fast,wf_2022,2022-04-05 00:00:00+00:00,0,0,-0.00248046266194,-0.000826820887313
ou_vwap_fast,wf_2022,2022-04-06 00:00:00+00:00,0,0,-0.00567973739496,-0.00189324579832
ou_vwap_fast,wf_2022,2022-04-07 00:00:00+00:00,0,0,0,0
ou_vwap_fast,wf_2022,2022-04-08 00:00:00+00:00,0,0,0,0
ou_vwap_fast,wf_2022,2022-04-11 00:00:00+00:00,0,0,0,0
ou_vwap_fast,wf_2022,2022-04-12 00:00:00+00:00,0,0,0.00510832874822,0.00170277624941
ou_vwap_fast,wf_2022,2022-04-13 00:00:00+00:00,0,0,0,0
ou_vwap_fast,wf_2022,2022-04-14 00:00:00+00:00,0,0,0,0
ou_vwap_fast,wf_2022,2022-04-18 00:00:00+00:00,0,0,0,0
ou_vwap_fast,wf_2022,2022-04-19 00:00:00+00:00,0,0,0,0
ou_vwap_fast,wf_2022,2022-04-20 00:00:00+00:00,0,0,0,0
ou_vwap_fast,wf_2022,2022-04-21 00:00:00+00:00,0,0,0,0
ou_vwap_fast,wf_2022,2022-04-22 00:00:00+00:00,0,0,0,0
ou_vwap_fast,wf_2022,2022-04-25 00:00:00+00:00,-0.00312301726387,-0.00419589002671,0,-0.00243963576353
ou_vwap_fast,wf_2022,2022-04-26 00:00:00+00:00,-0.0001,-0.0001,0,-6.66666666667e-05
ou_vwap_fast,wf_2022,2022-04-27 00:00:00+00:00,0.0114515914484,0.0279572832152,0,0.0131362915545
ou_vwap_fast,wf_2022,2022-04-28 00:00:00+00:00,-0.0001,-0.0105646394547,-0.00683972378751,-0.00583478774739
ou_vwap_fast,wf_2022,2022-04-29 00:00:00+00:00,0,-0.0001,-0.0001,-6.66666666667e-05
ou_vwap_fast,wf_2022,2022-05-02 00:00:00+00:00,0,0,0,0
ou_vwap_fast,wf_2022,2022-05-03 00:00:00+00:00,0,0,0,0
ou_vwap_fast,wf_2022,2022-05-04 00:00:00+00:00,0,-0.00697382266327,0,-0.00232460755442
ou_vwap_fast,wf_2022,2022-05-05 00:00:00+00:00,0,0,0,0
ou_vwap_fast,wf_2022,2022-05-06 00:00:00+00:00,0,0,0,0
ou_vwap_fast,wf_2022,2022-05-09 00:00:00+00:00,0,0,0,0
ou_vwap_fast,wf_2022,2022-05-10 00:00:00+00:00,0,0,0,0
ou_vwap_fast,wf_2022,2022-05-11 00:00:00+00:00,0.0120470618612,0,0,0.00401568728706
ou_vwap_fast,wf_2022,2022-05-12 00:00:00+00:00,0,0,0,0
ou_vwap_fast,wf_2022,2022-05-13 00:00:00+00:00,0,0,0,0
ou_vwap_fast,wf_2022,2022-05-16 00:00:00+00:00,0,0,0,0
ou_vwap_fast,wf_2022,2022-05-17 00:00:00+00:00,0,0,0,0
ou_vwap_fast,wf_2022,2022-05-18 00:00:00+00:00,0,0,0,0
ou_vwap_fast,wf_2022,2022-05-19 00:00:00+00:00,0,0,0,0
ou_vwap_fast,wf_2022,2022-05-20 00:00:00+00:00,0,0,0,0
ou_vwap_fast,wf_2022,2022-05-23 00:00:00+00:00,0,0,0,0
ou_vwap_fast,wf_2022,2022-05-24 00:00:00+00:00,0,0,0,0
ou_vwap_fast,wf_2022,2022-05-25 00:00:00+00:00,0,0,0,0
ou_vwap_fast,wf_2022,2022-05-26 00:00:00+00:00,0,0,0,0
ou_vwap_fast,wf_2022,2022-05-27 00:00:00+00:00,0,0,0,0
ou_vwap_fast,wf_2022,2022-05-31 00:00:00+00:00,0,0,0,0
ou_vwap_fast,wf_2022,2022-06-01 00:00:00+00:00,0.00403455703717,0.000669466843379,0,0.00156800796018
ou_vwap_fast,wf_2022,2022-06-02 00:00:00+00:00,0,0,0,0
ou_vwap_fast,wf_2022,2022-06-03 00:00:00+00:00,0,0,0,0
ou_vwap_fast,wf_2022,2022-06-06 00:00:00+00:00,0,0,0,0
ou_vwap_fast,wf_2022,2022-06-07 00:00:00+00:00,0,0,0,0
ou_vwap_fast,wf_2022,2022-06-08 00:00:00+00:00,0,0,-0.000324339419177,-0.000108113139726
ou_vwap_fast,wf_2022,2022-06-09 00:00:00+00:00,-0.00179514390852,0,0.00668978287697,0.00163154632282
ou_vwap_fast,wf_2022,2022-06-10 00:00:00+00:00,0,0,-0.0131916966708,-0.00439723222361
ou_vwap_fast,wf_2022,2022-06-13 00:00:00+00:00,0,0,-0.0126120231756,-0.00420400772519
ou_vwap_fast,wf_2022,2022-06-14 00:00:00+00:00,0,0,0,0
ou_vwap_fast,wf_2022,2022-06-15 00:00:00+00:00,0,0,0,0
ou_vwap_fast,wf_2022,2022-06-16 00:00:00+00:00,0,0,0,0
ou_vwap_fast,wf_2022,2022-06-17 00:00:00+00:00,0,0,0,0
ou_vwap_fast,wf_2022,2022-06-21 00:00:00+00:00,-0.00356138870013,0,0,-0.00118712956671
ou_vwap_fast,wf_2022,2022-06-22 00:00:00+00:00,0,0,0,0
ou_vwap_fast,wf_2022,2022-06-23 00:00:00+00:00,0,0,0,0
ou_vwap_fast,wf_2022,2022-06-24 00:00:00+00:00,0,0,0,0
ou_vwap_fast,wf_2022,2022-06-27 00:00:00+00:00,0,0,0,0
ou_vwap_fast,wf_2022,2022-06-28 00:00:00+00:00,0,0,0,0
ou_vwap_fast,wf_2022,2022-06-29 00:00:00+00:00,0,0,0,0
ou_vwap_fast,wf_2022,2022-06-30 00:00:00+00:00,0,0,0,0
ou_vwap_fast,wf_2022,2022-07-01 00:00:00+00:00,0.000231996126712,0,0,7.73320422373e-05
ou_vwap_fast,wf_2022,2022-07-05 00:00:00+00:00,-0.00340882009615,-0.00407790828199,0,-0.00249557612605
ou_vwap_fast,wf_2022,2022-07-06 00:00:00+00:00,0.00570167954824,-0.0001,0,0.00186722651608
ou_vwap_fast,wf_2022,2022-07-07 00:00:00+00:00,0,0,-0.00303700184153,-0.00101233394718
ou_vwap_fast,wf_2022,2022-07-08 00:00:00+00:00,0,0.00988092553381,0,0.0032936418446
ou_vwap_fast,wf_2022,2022-07-11 00:00:00+00:00,0,-0.00108673152939,0,-0.00036224384313
ou_vwap_fast,wf_2022,2022-07-12 00:00:00+00:00,0,0,0,0
ou_vwap_fast,wf_2022,2022-07-13 00:00:00+00:00,0,0,0,0
ou_vwap_fast,wf_2022,2022-07-14 00:00:00+00:00,-0.000993999088459,-0.00180748153887,-0.00302002266009,-0.00194050109581
ou_vwap_fast,wf_2022,2022-07-15 00:00:00+00:00,0,0,0,0
ou_vwap_fast,wf_2022,2022-07-18 00:00:00+00:00,0,0,0,0
ou_vwap_fast,wf_2022,2022-07-19 00:00:00+00:00,0,0,0,0
ou_vwap_fast,wf_2022,2022-07-20 00:00:00+00:00,0,0,0,0
ou_vwap_fast,wf_2022,2022-07-21 00:00:00+00:00,0,0,-0.00330617955513,-0.00110205985171
ou_vwap_fast,wf_2022,2022-07-22 00:00:00+00:00,0,0,0,0
ou_vwap_fast,wf_2022,2022-07-25 00:00:00+00:00,0,0,0,0
ou_vwap_fast,wf_2022,2022-07-26 00:00:00+00:00,0,0,0,0
ou_vwap_fast,wf_2022,2022-07-27 00:00:00+00:00,0,-0.00398231947894,0,-0.00132743982631
ou_vwap_fast,wf_2022,2022-07-28 00:00:00+00:00,0,0,0,0
ou_vwap_fast,wf_2022,2022-07-29 00:00:00+00:00,0,0,0,0
ou_vwap_fast,wf_2022,2022-08-01 00:00:00+00:00,0,0,0,0
ou_vwap_fast,wf_2022,2022-08-02 00:00:00+00:00,0,0,0,0
ou_vwap_fast,wf_2022,2022-08-03 00:00:00+00:00,0,0,0,0
ou_vwap_fast,wf_2022,2022-08-04 00:00:00+00:00,0,0,0.00476101858308,0.00158700619436
ou_vwap_fast,wf_2022,2022-08-05 00:00:00+00:00,0,0.0105305912045,0.0187014778652,0.00974402302321
ou_vwap_fast,wf_2022,2022-08-08 00:00:00+00:00,-0.000883171921704,0,0.00482198616897,0.00131293808242
ou_vwap_fast,wf_2022,2022-08-09 00:00:00+00:00,0,0,0,0
ou_vwap_fast,wf_2022,2022-08-10 00:00:00+00:00,-0.00247677621696,-0.00433017882563,-3.721053397e-05,-0.00228138852552
ou_vwap_fast,wf_2022,2022-08-11 00:00:00+00:00,0,0,0,0
ou_vwap_fast,wf_2022,2022-08-12 00:00:00+00:00,0,0,0,0
ou_vwap_fast,wf_2022,2022-08-15 00:00:00+00:00,0,0,0,0
ou_vwap_fast,wf_2022,2022-08-16 00:00:00+00:00,0,0,0,0
ou_vwap_fast,wf_2022,2022-08-17 00:00:00+00:00,0,0,0,0
ou_vwap_fast,wf_2022,2022-08-18 00:00:00+00:00,0,0,0,0
ou_vwap_fast,wf_2022,2022-08-19 00:00:00+00:00,-0.00214062549728,-0.00279081377477,-0.00310354990536,-0.0026783297258
ou_vwap_fast,wf_2022,2022-08-22 00:00:00+00:00,-0.00475537723416,0,0,-0.00158512574472
ou_vwap_fast,wf_2022,2022-08-23 00:00:00+00:00,0,0,0,0
ou_vwap_fast,wf_2022,2022-08-24 00:00:00+00:00,0,0,0,0
ou_vwap_fast,wf_2022,2022-08-25 00:00:00+00:00,0,0,0,0
ou_vwap_fast,wf_2022,2022-08-26 00:00:00+00:00,0,-0.000592056396549,0,-0.000197352132183
ou_vwap_fast,wf_2022,2022-08-29 00:00:00+00:00,0,0,0,0
ou_vwap_fast,wf_2022,2022-08-30 00:00:00+00:00,0,0,0,0
ou_vwap_fast,wf_2022,2022-08-31 00:00:00+00:00,0,0,0,0
ou_vwap_fast,wf_2022,2022-09-01 00:00:00+00:00,0,0,0,0
ou_vwap_fast,wf_2022,2022-09-02 00:00:00+00:00,-0.00839742282547,-0.0115428500254,-0.0014775373414,-0.00713927006411
ou_vwap_fast,wf_2022,2022-09-06 00:00:00+00:00,0,0,0,0
ou_vwap_fast,wf_2022,2022-09-07 00:00:00+00:00,0,0,0,0
ou_vwap_fast,wf_2022,2022-09-08 00:00:00+00:00,0,0,0,0
ou_vwap_fast,wf_2022,2022-09-09 00:00:00+00:00,0,0,0,0
ou_vwap_fast,wf_2022,2022-09-12 00:00:00+00:00,0,0,0,0
ou_vwap_fast,wf_2022,2022-09-13 00:00:00+00:00,-0.00395585285936,-0.0040872181499,-0.0110121894819,-0.00635175349705
ou_vwap_fast,wf_2022,2022-09-14 00:00:00+00:00,0,0,0,0
ou_vwap_fast,wf_2022,2022-09-15 00:00:00+00:00,0,0,0,0
ou_vwap_fast,wf_2022,2022-09-16 00:00:00+00:00,0,0,-0.00274474030041,-0.000914913433469
ou_vwap_fast,wf_2022,2022-09-19 00:00:00+00:00,0,0,0,0
ou_vwap_fast,wf_2022,2022-09-20 00:00:00+00:00,0,0,0,0
ou_vwap_fast,wf_2022,2022-09-21 00:00:00+00:00,-0.0042863044081,0.0142302148714,0,0.0033146368211
ou_vwap_fast,wf_2022,2022-09-22 00:00:00+00:00,-0.00197951637307,-0.00441252223871,0.000217820927144,-0.00205807256155
ou_vwap_fast,wf_2022,2022-09-23 00:00:00+00:00,0,0,0,0
ou_vwap_fast,wf_2022,2022-09-26 00:00:00+00:00,0,0,0,0
ou_vwap_fast,wf_2022,2022-09-27 00:00:00+00:00,0,0,0,0
ou_vwap_fast,wf_2022,2022-09-28 00:00:00+00:00,0,0,0,0
ou_vwap_fast,wf_2022,2022-09-29 00:00:00+00:00,0,0.00195220016691,0,0.000650733388969
ou_vwap_fast,wf_2022,2022-09-30 00:00:00+00:00,0,0,0,0
ou_vwap_fast,wf_2022,2022-10-03 00:00:00+00:00,0,0,0,0
ou_vwap_fast,wf_2022,2022-10-04 00:00:00+00:00,0,0,0,0
ou_vwap_fast,wf_2022,2022-10-05 00:00:00+00:00,0,0,0,0
ou_vwap_fast,wf_2022,2022-10-06 00:00:00+00:00,0,0,0,0
ou_vwap_fast,wf_2022,2022-10-07 00:00:00+00:00,0,-0.0160245416922,-0.0106349618558,-0.00888650118267
ou_vwap_fast,wf_2022,2022-10-10 00:00:00+00:00,0,0,0,0
ou_vwap_fast,wf_2022,2022-10-11 00:00:00+00:00,0,0,0,0
ou_vwap_fast,wf_2022,2022-10-12 00:00:00+00:00,0,0,0,0
ou_vwap_fast,wf_2022,2022-10-13 00:00:00+00:00,-0.00737682958391,0.000925542650892,-0.0138875740287,-0.00677962032058
ou_vwap_fast,wf_2022,2022-10-14 00:00:00+00:00,0,-0.0001,0,-3.33333333333e-05
ou_vwap_fast,wf_2022,2022-10-17 00:00:00+00:00,0,0,0,0
ou_vwap_fast,wf_2022,2022-10-18 00:00:00+00:00,0,0,0,0
ou_vwap_fast,wf_2022,2022-10-19 00:00:00+00:00,0,0,0,0
ou_vwap_fast,wf_2022,2022-10-20 00:00:00+00:00,0,0,0,0
ou_vwap_fast,wf_2022,2022-10-21 00:00:00+00:00,-0.00460630832839,-0.00550087556031,0,-0.00336906129623
ou_vwap_fast,wf_2022,2022-10-24 00:00:00+00:00,-0.0001,-0.0001,0,-6.66666666667e-05
ou_vwap_fast,wf_2022,2022-10-25 00:00:00+00:00,0,0,0,0
ou_vwap_fast,wf_2022,2022-10-26 00:00:00+00:00,-0.00191160269817,0.00104947157521,0,-0.000287377040987
ou_vwap_fast,wf_2022,2022-10-27 00:00:00+00:00,-0.00308224093983,-0.00720892883362,0,-0.00343038992448
ou_vwap_fast,wf_2022,2022-10-28 00:00:00+00:00,0,-0.0001,0,-3.33333333333e-05
ou_vwap_fast,wf_2022,2022-10-31 00:00:00+00:00,0,0,0,0
ou_vwap_fast,wf_2022,2022-11-01 00:00:00+00:00,0,0,0,0
ou_vwap_fast,wf_2022,2022-11-02 00:00:00+00:00,0,0,0.0112502494594,0.00375008315313
ou_vwap_fast,wf_2022,2022-11-03 00:00:00+00:00,0,0,0.00353195547701,0.00117731849234
ou_vwap_fast,wf_2022,2022-11-04 00:00:00+00:00,0,0,0,0
ou_vwap_fast,wf_2022,2022-11-07 00:00:00+00:00,0,0,0,0
ou_vwap_fast,wf_2022,2022-11-08 00:00:00+00:00,0,0,0,0
ou_vwap_fast,wf_2022,2022-11-09 00:00:00+00:00,0,0,0,0
ou_vwap_fast,wf_2022,2022-11-10 00:00:00+00:00,-0.00542456317033,-0.00993798898955,-0.00950797355415,-0.00829017523801
ou_vwap_fast,wf_2022,2022-11-11 00:00:00+00:00,0,0,0,0
ou_vwap_fast,wf_2022,2022-11-14 00:00:00+00:00,0,0,0,0
ou_vwap_fast,wf_2022,2022-11-15 00:00:00+00:00,0,0,0,0
ou_vwap_fast,wf_2022,2022-11-16 00:00:00+00:00,0,0,0,0
ou_vwap_fast,wf_2022,2022-11-17 00:00:00+00:00,0.00482039565613,0,0,0.00160679855204
ou_vwap_fast,wf_2022,2022-11-18 00:00:00+00:00,0.00401477521198,0,0,0.00133825840399
ou_vwap_fast,wf_2022,2022-11-21 00:00:00+00:00,0,0,0,0
ou_vwap_fast,wf_2022,2022-11-22 00:00:00+00:00,-0.00555572727934,-0.00874767763999,0,-0.00476780163978
ou_vwap_fast,wf_2022,2022-11-23 00:00:00+00:00,0,-0.002713382555,0,-0.000904460851667
ou_vwap_fast,wf_2022,2022-11-25 00:00:00+00:00,0,0,0,0
ou_vwap_fast,wf_2022,2022-11-28 00:00:00+00:00,0,0,0,0
ou_vwap_fast,wf_2022,2022-11-29 00:00:00+00:00,0,0,0,0
ou_vwap_fast,wf_2022,2022-11-30 00:00:00+00:00,-0.00821658710857,-0.0129181111898,0,-0.00704489943278
ou_vwap_fast,wf_2022,2022-12-01 00:00:00+00:00,0,0,0,0
ou_vwap_fast,wf_2022,2022-12-02 00:00:00+00:00,0,0,0,0
ou_vwap_fast,wf_2022,2022-12-05 00:00:00+00:00,0,0,0,0
ou_vwap_fast,wf_2022,2022-12-06 00:00:00+00:00,0,0,0,0
ou_vwap_fast,wf_2022,2022-12-07 00:00:00+00:00,0,0,0,0
ou_vwap_fast,wf_2022,2022-12-08 00:00:00+00:00,0,-0.0024198054367,0,-0.000806601812234
ou_vwap_fast,wf_2022,2022-12-09 00:00:00+00:00,0,0,0,0
ou_vwap_fast,wf_2022,2022-12-12 00:00:00+00:00,0,0,0,0
ou_vwap_fast,wf_2022,2022-12-13 00:00:00+00:00,0.0121998208133,0.020690072609,0.0193353263372,0.0174084065865
ou_vwap_fast,wf_2022,2022-12-14 00:00:00+00:00,0,0,0,0
ou_vwap_fast,wf_2022,2022-12-15 00:00:00+00:00,-0.010148695175,-0.0085571222692,-0.0121936202609,-0.0102998125684
ou_vwap_fast,wf_2022,2022-12-16 00:00:00+00:00,0,0,0,0
ou_vwap_fast,wf_2022,2022-12-19 00:00:00+00:00,0,0,0,0
ou_vwap_fast,wf_2022,2022-12-20 00:00:00+00:00,0,0,0.00284086346457,0.000946954488191
ou_vwap_fast,wf_2022,2022-12-21 00:00:00+00:00,0,0,0,0
ou_vwap_fast,wf_2022,2022-12-22 00:00:00+00:00,0,-0.00841121872533,0,-0.00280373957511
ou_vwap_fast,wf_2022,2022-12-23 00:00:00+00:00,0,0,0,0
ou_vwap_fast,wf_2022,2022-12-27 00:00:00+00:00,0,0,0,0
ou_vwap_fast,wf_2022,2022-12-28 00:00:00+00:00,0,0,0,0
ou_vwap_fast,wf_2022,2022-12-29 00:00:00+00:00,0,0,0,0
ou_vwap_fast,wf_2022,2022-12-30 00:00:00+00:00,0,0,0,0
ou_vwap_fast,wf_2023,2023-01-03 00:00:00+00:00,0,0,0,0
ou_vwap_fast,wf_2023,2023-01-04 00:00:00+00:00,0,0,0,0
ou_vwap_fast,wf_2023,2023-01-05 00:00:00+00:00,0,0,0.00861392319635,0.00287130773212
ou_vwap_fast,wf_2023,2023-01-06 00:00:00+00:00,-0.00724135310023,-0.0118355777693,-0.0064542743571,-0.00851040174222
ou_vwap_fast,wf_2023,2023-01-09 00:00:00+00:00,-0.0001,-0.00442961069235,0,-0.00150987023078
ou_vwap_fast,wf_2023,2023-01-10 00:00:00+00:00,0,0,0,0
ou_vwap_fast,wf_2023,2023-01-11 00:00:00+00:00,0,0,0,0
ou_vwap_fast,wf_2023,2023-01-12 00:00:00+00:00,0,0,0,0
ou_vwap_fast,wf_2023,2023-01-13 00:00:00+00:00,0,0,0,0
ou_vwap_fast,wf_2023,2023-01-17 00:00:00+00:00,0,0,-0.0002557874715,-8.52624905e-05
ou_vwap_fast,wf_2023,2023-01-18 00:00:00+00:00,-0.0118982108759,-0.0117986804795,-0.0134437775687,-0.0123802229747
ou_vwap_fast,wf_2023,2023-01-19 00:00:00+00:00,-0.0001,0.001094922165,0,0.000331640721667
ou_vwap_fast,wf_2023,2023-01-20 00:00:00+00:00,0,0,0,0
ou_vwap_fast,wf_2023,2023-01-23 00:00:00+00:00,0,0,0,0
ou_vwap_fast,wf_2023,2023-01-24 00:00:00+00:00,0,0,0,0
ou_vwap_fast,wf_2023,2023-01-25 00:00:00+00:00,-0.00447701584955,-0.0054252575965,0,-0.00330075781535
ou_vwap_fast,wf_2023,2023-01-26 00:00:00+00:00,0,0,0,0
ou_vwap_fast,wf_2023,2023-01-27 00:00:00+00:00,0,0,0,0
ou_vwap_fast,wf_2023,2023-01-30 00:00:00+00:00,0,0,0,0
ou_vwap_fast,wf_2023,2023-01-31 00:00:00+00:00,0,0,0,0
ou_vwap_fast,wf_2023,2023-02-01 00:00:00+00:00,0,0,0,0
ou_vwap_fast,wf_2023,2023-02-02 00:00:00+00:00,0,0,-0.00219590464934,-0.000731968216448
ou_vwap_fast,wf_2023,2023-02-03 00:00:00+00:00,0,0,0,0
ou_vwap_fast,wf_2023,2023-02-06 00:00:00+00:00,0,0,-0.00703256359358,-0.00234418786453
ou_vwap_fast,wf_2023,2023-02-07 00:00:00+00:00,0,0,0,0
ou_vwap_fast,wf_2023,2023-02-08 00:00:00+00:00,0,0,0,0
ou_vwap_fast,wf_2023,2023-02-09 00:00:00+00:00,0,0,0,0
ou_vwap_fast,wf_2023,2023-02-10 00:00:00+00:00,0,0,0,0
ou_vwap_fast,wf_2023,2023-02-13 00:00:00+00:00,0,0,0,0
ou_vwap_fast,wf_2023,2023-02-14 00:00:00+00:00,0,0,0,0
ou_vwap_fast,wf_2023,2023-02-15 00:00:00+00:00,0,0,0,0
ou_vwap_fast,wf_2023,2023-02-16 00:00:00+00:00,0.00634124075187,-0.00261693503126,0.00913760753842,0.00428730441968
ou_vwap_fast,wf_2023,2023-02-17 00:00:00+00:00,0.00139894406101,-0.000402091588074,0.00442298238115,0.00180661161803
ou_vwap_fast,wf_2023,2023-02-21 00:00:00+00:00,0,0,-0.00217955445227,-0.000726518150755
ou_vwap_fast,wf_2023,2023-02-22 00:00:00+00:00,0,0,0,0
ou_vwap_fast,wf_2023,2023-02-23 00:00:00+00:00,0,0,0,0
ou_vwap_fast,wf_2023,2023-02-24 00:00:00+00:00,0,0,0,0
ou_vwap_fast,wf_2023,2023-02-27 00:00:00+00:00,0,0,0,0
ou_vwap_fast,wf_2023,2023-02-28 00:00:00+00:00,0,0,0,0
ou_vwap_fast,wf_2023,2023-03-01 00:00:00+00:00,0,0,0,0
ou_vwap_fast,wf_2023,2023-03-02 00:00:00+00:00,0,0,0,0
ou_vwap_fast,wf_2023,2023-03-03 00:00:00+00:00,-0.00511678601496,-0.00590196982122,-0.00424634081362,-0.00508836554993
ou_vwap_fast,wf_2023,2023-03-06 00:00:00+00:00,0,0,-0.0001,-3.33333333333e-05
ou_vwap_fast,wf_2023,2023-03-07 00:00:00+00:00,0,0,0,0
ou_vwap_fast,wf_2023,2023-03-08 00:00:00+00:00,0,0,0,0
ou_vwap_fast,wf_2023,2023-03-09 00:00:00+00:00,0,0,0,0
ou_vwap_fast,wf_2023,2023-03-10 00:00:00+00:00,0,0,0.00756363197624,0.00252121065875
ou_vwap_fast,wf_2023,2023-03-13 00:00:00+00:00,0.0221393857267,0.00902125786736,0.0365931449628,0.0225845961856
ou_vwap_fast,wf_2023,2023-03-14 00:00:00+00:00,-0.0001,-0.0001,0.012363230636,0.00405441021201
ou_vwap_fast,wf_2023,2023-03-15 00:00:00+00:00,0,0,0,0
ou_vwap_fast,wf_2023,2023-03-16 00:00:00+00:00,0,0,0,0
ou_vwap_fast,wf_2023,2023-03-17 00:00:00+00:00,0,0,0,0
ou_vwap_fast,wf_2023,2023-03-20 00:00:00+00:00,0,0,0,0
ou_vwap_fast,wf_2023,2023-03-21 00:00:00+00:00,0,0,0,0
ou_vwap_fast,wf_2023,2023-03-22 00:00:00+00:00,0,-0.0122373593843,0,-0.00407911979475
ou_vwap_fast,wf_2023,2023-03-23 00:00:00+00:00,-0.00442739499842,0.00273462427327,0.00351360949892,0.000606946257924
ou_vwap_fast,wf_2023,2023-03-24 00:00:00+00:00,0.00618025735678,0.00277454959462,-0.0001,0.00295160231714
ou_vwap_fast,wf_2023,2023-03-27 00:00:00+00:00,0.00512177029583,0,-0.00654786862656,-0.000475366110244
ou_vwap_fast,wf_2023,2023-03-28 00:00:00+00:00,0,-0.00209572544362,0,-0.000698575147874
ou_vwap_fast,wf_2023,2023-03-29 00:00:00+00:00,0,-0.00129030095434,0,-0.000430100318112
ou_vwap_fast,wf_2023,2023-03-30 00:00:00+00:00,0,0,0,0
ou_vwap_fast,wf_2023,2023-03-31 00:00:00+00:00,0,0,0,0
ou_vwap_fast,wf_2023,2023-04-03 00:00:00+00:00,0,0,0,0
ou_vwap_fast,wf_2023,2023-04-04 00:00:00+00:00,-0.00256658005588,0,0,-0.000855526685294
ou_vwap_fast,wf_2023,2023-04-05 00:00:00+00:00,-0.0001,0,0,-3.33333333333e-05
ou_vwap_fast,wf_2023,2023-04-06 00:00:00+00:00,0,-0.00244750495036,0,-0.000815834983455
ou_vwap_fast,wf_2023,2023-04-10 00:00:00+00:00,0,-0.0001,0,-3.33333333333e-05
ou_vwap_fast,wf_2023,2023-04-11 00:00:00+00:00,0,0,0,0
ou_vwap_fast,wf_2023,2023-04-12 00:00:00+00:00,0.00474449109173,0.000421097947766,-0.00480362743176,0.000120653869245
ou_vwap_fast,wf_2023,2023-04-13 00:00:00+00:00,-0.0001,-0.0001,-0.0001,-0.0001
ou_vwap_fast,wf_2023,2023-04-14 00:00:00+00:00,0,0,-0.00173105007067,-0.000577016690224
ou_vwap_fast,wf_2023,2023-04-17 00:00:00+00:00,0,0,0,0
ou_vwap_fast,wf_2023,2023-04-18 00:00:00+00:00,0,0,0,0
ou_vwap_fast,wf_2023,2023-04-19 00:00:00+00:00,0,0,0,0
ou_vwap_fast,wf_2023,2023-04-20 00:00:00+00:00,-0.00240349903217,0,0,-0.000801166344057
ou_vwap_fast,wf_2023,2023-04-21 00:00:00+00:00,0,0.00624765352199,0,0.002082551174
ou_vwap_fast,wf_2023,2023-04-24 00:00:00+00:00,0,0.0126399077774,0,0.00421330259248
ou_vwap_fast,wf_2023,2023-04-25 00:00:00+00:00,-0.00942196657769,0,-0.0129132479352,-0.00744507150429
ou_vwap_fast,wf_2023,2023-04-26 00:00:00+00:00,-0.0001,0,-0.0001,-6.66666666667e-05
ou_vwap_fast,wf_2023,2023-04-27 00:00:00+00:00,0,0,0,0
ou_vwap_fast,wf_2023,2023-04-28 00:00:00+00:00,0,0,0,0
ou_vwap_fast,wf_2023,2023-05-01 00:00:00+00:00,0,0,0,0
ou_vwap_fast,wf_2023,2023-05-02 00:00:00+00:00,0,0,-0.0081135949662,-0.0027045316554
ou_vwap_fast,wf_2023,2023-05-03 00:00:00+00:00,0,0,0,0
ou_vwap_fast,wf_2023,2023-05-04 00:00:00+00:00,0,0,0,0
ou_vwap_fast,wf_2023,2023-05-05 00:00:00+00:00,0,0,0.00313423299206,0.00104474433069
ou_vwap_fast,wf_2023,2023-05-08 00:00:00+00:00,0,0,0,0
ou_vwap_fast,wf_2023,2023-05-09 00:00:00+00:00,0,0,0,0
ou_vwap_fast,wf_2023,2023-05-10 00:00:00+00:00,0,0,0,0
ou_vwap_fast,wf_2023,2023-05-11 00:00:00+00:00,0,0,0,0
ou_vwap_fast,wf_2023,2023-05-12 00:00:00+00:00,0,0,0.00765041999771,0.00255013999924
ou_vwap_fast,wf_2023,2023-05-15 00:00:00+00:00,0,0,0,0
ou_vwap_fast,wf_2023,2023-05-16 00:00:00+00:00,0,0,0,0
ou_vwap_fast,wf_2023,2023-05-17 00:00:00+00:00,-0.00339834987397,0,0,-0.00113278329132
ou_vwap_fast,wf_2023,2023-05-18 00:00:00+00:00,-0.0001,0,0,-3.33333333333e-05
ou_vwap_fast,wf_2023,2023-05-19 00:00:00+00:00,0,0,0,0
ou_vwap_fast,wf_2023,2023-05-22 00:00:00+00:00,0,0,0,0
ou_vwap_fast,wf_2023,2023-05-23 00:00:00+00:00,0,0,0,0
ou_vwap_fast,wf_2023,2023-05-24 00:00:00+00:00,0,0,0,0
ou_vwap_fast,wf_2023,2023-05-25 00:00:00+00:00,0.000327489895286,-0.00159294493065,0,-0.000421818345121
ou_vwap_fast,wf_2023,2023-05-26 00:00:00+00:00,0,0,0,0
ou_vwap_fast,wf_2023,2023-05-30 00:00:00+00:00,0,0,0,0
ou_vwap_fast,wf_2023,2023-05-31 00:00:00+00:00,0.00119743617524,0.00123589720273,-0.00122078630074,0.000404182359076
ou_vwap_fast,wf_2023,2023-06-01 00:00:00+00:00,0,0,0,0
ou_vwap_fast,wf_2023,2023-06-02 00:00:00+00:00,0,0,0,0
ou_vwap_fast,wf_2023,2023-06-05 00:00:00+00:00,0,0,0,0
ou_vwap_fast,wf_2023,2023-06-06 00:00:00+00:00,0,0,0,0
ou_vwap_fast,wf_2023,2023-06-07 00:00:00+00:00,0,-0.0110935299332,0,-0.00369784331106
ou_vwap_fast,wf_2023,2023-06-08 00:00:00+00:00,-0.000270711885195,0,0,-9.0237295065e-05
ou_vwap_fast,wf_2023,2023-06-09 00:00:00+00:00,0.00151876835004,0,0,0.00050625611668
ou_vwap_fast,wf_2023,2023-06-12 00:00:00+00:00,0,0,0,0
ou_vwap_fast,wf_2023,2023-06-13 00:00:00+00:00,0.00014352254453,0,-0.00544765362044,-0.00176804369197
ou_vwap_fast,wf_2023,2023-06-14 00:00:00+00:00,0.00517010485123,0.0103372738155,0.00230096970519,0.00593611612396
ou_vwap_fast,wf_2023,2023-06-15 00:00:00+00:00,-0.0001,-0.00458302911349,-0.0001,-0.00159434303783
ou_vwap_fast,wf_2023,2023-06-16 00:00:00+00:00,0,-0.00480283277678,0,-0.00160094425893
ou_vwap_fast,wf_2023,2023-06-20 00:00:00+00:00,0,-0.0001,0,-3.33333333333e-05
ou_vwap_fast,wf_2023,2023-06-21 00:00:00+00:00,0,0,0.00566677337235,0.00188892445745
ou_vwap_fast,wf_2023,2023-06-22 00:00:00+00:00,0,0,0.00389271961385,0.00129757320462
ou_vwap_fast,wf_2023,2023-06-23 00:00:00+00:00,0,0,0,0
ou_vwap_fast,wf_2023,2023-06-26 00:00:00+00:00,0,0,0.00807343051912,0.00269114350637
ou_vwap_fast,wf_2023,2023-06-27 00:00:00+00:00,-0.00651258357526,0,0,-0.00217086119175
ou_vwap_fast,wf_2023,2023-06-28 00:00:00+00:00,-0.0001,0,0,-3.33333333333e-05
ou_vwap_fast,wf_2023,2023-06-29 00:00:00+00:00,0,0,0,0
ou_vwap_fast,wf_2023,2023-06-30 00:00:00+00:00,-0.000769193251104,-0.00369636930349,0,-0.00148852085153
ou_vwap_fast,wf_2023,2023-07-03 00:00:00+00:00,0,0,0,0
ou_vwap_fast,wf_2023,2023-07-05 00:00:00+00:00,0,0,0.00409655598377,0.00136551866126
ou_vwap_fast,wf_2023,2023-07-06 00:00:00+00:00,-0.00228215107269,-0.00133939800445,-0.00835609685629,-0.00399254864448
ou_vwap_fast,wf_2023,2023-07-07 00:00:00+00:00,0,0,-0.00261860393936,-0.000872867979787
ou_vwap_fast,wf_2023,2023-07-10 00:00:00+00:00,0,0,0,0
ou_vwap_fast,wf_2023,2023-07-11 00:00:00+00:00,0,0,0,0
ou_vwap_fast,wf_2023,2023-07-12 00:00:00+00:00,0,0,0,0
ou_vwap_fast,wf_2023,2023-07-13 00:00:00+00:00,0,0,0,0
ou_vwap_fast,wf_2023,2023-07-14 00:00:00+00:00,-0.000354084956638,-0.00117237456752,-0.00660193156463,-0.00270946369626
ou_vwap_fast,wf_2023,2023-07-17 00:00:00+00:00,-0.0001,-0.0001,0,-6.66666666667e-05
ou_vwap_fast,wf_2023,2023-07-18 00:00:00+00:00,0,0,0,0
ou_vwap_fast,wf_2023,2023-07-19 00:00:00+00:00,0,0,0,0
ou_vwap_fast,wf_2023,2023-07-20 00:00:00+00:00,0,0,-0.000259200503812,-8.64001679373e-05
ou_vwap_fast,wf_2023,2023-07-21 00:00:00+00:00,0,0,-0.0001,-3.33333333333e-05
ou_vwap_fast,wf_2023,2023-07-24 00:00:00+00:00,0,0,0,0
ou_vwap_fast,wf_2023,2023-07-25 00:00:00+00:00,0,-0.00714998601416,0.00184817279922,-0.00176727107165
ou_vwap_fast,wf_2023,2023-07-26 00:00:00+00:00,0,0,0.00937616991625,0.00312538997208
ou_vwap_fast,wf_2023,2023-07-27 00:00:00+00:00,0.00160693259277,0.0102223692609,-0.0102522172067,0.00052569488232
ou_vwap_fast,wf_2023,2023-07-28 00:00:00+00:00,-0.0001,-0.0001,-0.0001,-0.0001
ou_vwap_fast,wf_2023,2023-07-31 00:00:00+00:00,0,0,0,0
ou_vwap_fast,wf_2023,2023-08-01 00:00:00+00:00,0,0,0.0063551473369,0.00211838244563
ou_vwap_fast,wf_2023,2023-08-02 00:00:00+00:00,0,0,0,0
ou_vwap_fast,wf_2023,2023-08-03 00:00:00+00:00,0,0,0,0
ou_vwap_fast,wf_2023,2023-08-04 00:00:00+00:00,0.0031850323835,0,0,0.00106167746117
ou_vwap_fast,wf_2023,2023-08-07 00:00:00+00:00,0,0,0,0
ou_vwap_fast,wf_2023,2023-08-08 00:00:00+00:00,0,0,0.00516526625268,0.00172175541756
ou_vwap_fast,wf_2023,2023-08-09 00:00:00+00:00,0,0,0,0
ou_vwap_fast,wf_2023,2023-08-10 00:00:00+00:00,0,0,0.00908707213978,0.00302902404659
ou_vwap_fast,wf_2023,2023-08-11 00:00:00+00:00,0,0,0,0
ou_vwap_fast,wf_2023,2023-08-14 00:00:00+00:00,0,0,0,0
ou_vwap_fast,wf_2023,2023-08-15 00:00:00+00:00,0,0,0,0
ou_vwap_fast,wf_2023,2023-08-16 00:00:00+00:00,0,0,0,0
ou_vwap_fast,wf_2023,2023-08-17 00:00:00+00:00,-2.84862710174e-05,0,0,-9.49542367246e-06
ou_vwap_fast,wf_2023,2023-08-18 00:00:00+00:00,-0.000939373623952,0.000572620202824,-5.49525121686e-05,-0.000140568644432
ou_vwap_fast,wf_2023,2023-08-21 00:00:00+00:00,0.00519194609572,-0.00991252268804,-0.0001,-0.00160685886411
ou_vwap_fast,wf_2023,2023-08-22 00:00:00+00:00,0,0,0,0
ou_vwap_fast,wf_2023,2023-08-23 00:00:00+00:00,0,0,0,0
ou_vwap_fast,wf_2023,2023-08-24 00:00:00+00:00,-0.000928865773038,0,0,-0.000309621924346
ou_vwap_fast,wf_2023,2023-08-25 00:00:00+00:00,0,0,0,0
ou_vwap_fast,wf_2023,2023-08-28 00:00:00+00:00,0,0,0.00324120733433,0.00108040244478
ou_vwap_fast,wf_2023,2023-08-29 00:00:00+00:00,0,0,0,0
ou_vwap_fast,wf_2023,2023-08-30 00:00:00+00:00,0,0,0,0
ou_vwap_fast,wf_2023,2023-08-31 00:00:00+00:00,0,0,-0.00207379506725,-0.000691265022417
ou_vwap_fast,wf_2023,2023-09-01 00:00:00+00:00,0,0,-0.0001,-3.33333333333e-05
ou_vwap_fast,wf_2023,2023-09-05 00:00:00+00:00,0,0,-0.00400445641004,-0.00133481880335
ou_vwap_fast,wf_2023,2023-09-06 00:00:00+00:00,-0.00439369354612,-0.000498681109925,0,-0.00163079155201
ou_vwap_fast,wf_2023,2023-09-07 00:00:00+00:00,0,0,0,0
ou_vwap_fast,wf_2023,2023-09-08 00:00:00+00:00,0,0.00394288810474,0,0.00131429603491
ou_vwap_fast,wf_2023,2023-09-11 00:00:00+00:00,0,0,0.00517896450983,0.00172632150328
ou_vwap_fast,wf_2023,2023-09-12 00:00:00+00:00,0,0,0,0
ou_vwap_fast,wf_2023,2023-09-13 00:00:00+00:00,0,0,-0.00176096258916,-0.000586987529721
ou_vwap_fast,wf_2023,2023-09-14 00:00:00+00:00,-0.00142106949558,0,-0.00286120562989,-0.00142742504182
ou_vwap_fast,wf_2023,2023-09-15 00:00:00+00:00,-0.0001,-0.00354431030559,0,-0.00121477010186
ou_vwap_fast,wf_2023,2023-09-18 00:00:00+00:00,0,0,0,0
ou_vwap_fast,wf_2023,2023-09-19 00:00:00+00:00,0,0,0,0
ou_vwap_fast,wf_2023,2023-09-20 00:00:00+00:00,0,0,0.00397167036372,0.00132389012124
ou_vwap_fast,wf_2023,2023-09-21 00:00:00+00:00,0,0,-0.00128958117261,-0.000429860390871
ou_vwap_fast,wf_2023,2023-09-22 00:00:00+00:00,0,0,0,0
ou_vwap_fast,wf_2023,2023-09-25 00:00:00+00:00,0,0,0,0
ou_vwap_fast,wf_2023,2023-09-26 00:00:00+00:00,0,0,0,0
ou_vwap_fast,wf_2023,2023-09-27 00:00:00+00:00,0,0.00276894821185,0.00626318522482,0.00301071114556
ou_vwap_fast,wf_2023,2023-09-28 00:00:00+00:00,-0.00496137879366,-0.00544126440916,-0.000821958078761,-0.00374153376052
ou_vwap_fast,wf_2023,2023-09-29 00:00:00+00:00,0,-0.0001,0,-3.33333333333e-05
ou_vwap_fast,wf_2023,2023-10-02 00:00:00+00:00,0,0,0,0
ou_vwap_fast,wf_2023,2023-10-03 00:00:00+00:00,0,-0.00204276686538,0,-0.000680922288461
ou_vwap_fast,wf_2023,2023-10-04 00:00:00+00:00,-0.00189471183093,-0.0001,-0.00106313345098,-0.00101928176063
ou_vwap_fast,wf_2023,2023-10-05 00:00:00+00:00,-0.0001,0,0.00734798007311,0.0024159933577
ou_vwap_fast,wf_2023,2023-10-06 00:00:00+00:00,0,0,0,0
ou_vwap_fast,wf_2023,2023-10-09 00:00:00+00:00,0,0,0,0
ou_vwap_fast,wf_2023,2023-10-10 00:00:00+00:00,0,0,0,0
ou_vwap_fast,wf_2023,2023-10-11 00:00:00+00:00,0,0,0,0
ou_vwap_fast,wf_2023,2023-10-12 00:00:00+00:00,0,0,0,0
ou_vwap_fast,wf_2023,2023-10-13 00:00:00+00:00,0,0,0,0
ou_vwap_fast,wf_2023,2023-10-16 00:00:00+00:00,0,0,-0.00373426390367,-0.00124475463456
ou_vwap_fast,wf_2023,2023-10-17 00:00:00+00:00,0,0,0,0
ou_vwap_fast,wf_2023,2023-10-18 00:00:00+00:00,0,0,0,0
ou_vwap_fast,wf_2023,2023-10-19 00:00:00+00:00,0,0.00168142231019,0,0.000560474103398
ou_vwap_fast,wf_2023,2023-10-20 00:00:00+00:00,0,0.000325509442288,0,0.000108503147429
ou_vwap_fast,wf_2023,2023-10-23 00:00:00+00:00,0.00547109476451,0.0112027090127,0,0.00555793459241
ou_vwap_fast,wf_2023,2023-10-24 00:00:00+00:00,-0.0001,-0.0001,0.00823400221442,0.00267800073814
ou_vwap_fast,wf_2023,2023-10-25 00:00:00+00:00,0,0,0,0
ou_vwap_fast,wf_2023,2023-10-26 00:00:00+00:00,0,0,0.00825380382391,0.0027512679413
ou_vwap_fast,wf_2023,2023-10-27 00:00:00+00:00,0,0,0,0
ou_vwap_fast,wf_2023,2023-10-30 00:00:00+00:00,-0.000524163275475,-0.000640757472965,0,-0.000388306916147
ou_vwap_fast,wf_2023,2023-10-31 00:00:00+00:00,0,0,0,0
ou_vwap_fast,wf_2023,2023-11-01 00:00:00+00:00,0,0,0,0
ou_vwap_fast,wf_2023,2023-11-02 00:00:00+00:00,-0.00779253219058,-0.00469829751459,-0.00691990104515,-0.00647024358344
ou_vwap_fast,wf_2023,2023-11-03 00:00:00+00:00,0,0,0.000580183782364,0.000193394594121
ou_vwap_fast,wf_2023,2023-11-06 00:00:00+00:00,0,0.00384997170981,-0.00544018644775,-0.000530071579316
ou_vwap_fast,wf_2023,2023-11-07 00:00:00+00:00,0,-0.0001,0,-3.33333333333e-05
ou_vwap_fast,wf_2023,2023-11-08 00:00:00+00:00,0,0,0,0
ou_vwap_fast,wf_2023,2023-11-09 00:00:00+00:00,-0.000886770130954,0,0,-0.000295590043651
ou_vwap_fast,wf_2023,2023-11-10 00:00:00+00:00,0,0,0,0
ou_vwap_fast,wf_2023,2023-11-13 00:00:00+00:00,0,0,0,0
ou_vwap_fast,wf_2023,2023-11-14 00:00:00+00:00,-0.00256782444103,0.000684632161879,-0.0053889127072,-0.00242403499545
ou_vwap_fast,wf_2023,2023-11-15 00:00:00+00:00,0,0,0,0
ou_vwap_fast,wf_2023,2023-11-16 00:00:00+00:00,0,0,0,0
ou_vwap_fast,wf_2023,2023-11-17 00:00:00+00:00,0,0,0,0
ou_vwap_fast,wf_2023,2023-11-20 00:00:00+00:00,-0.00126633176413,-0.00529040817692,0,-0.00218557998035
ou_vwap_fast,wf_2023,2023-11-21 00:00:00+00:00,-0.0001,0.000382576940316,0,9.41923134385e-05
ou_vwap_fast,wf_2023,2023-11-22 00:00:00+00:00,0,0.00612149162354,0,0.00204049720785
ou_vwap_fast,wf_2023,2023-11-24 00:00:00+00:00,0,0,0,0
ou_vwap_fast,wf_2023,2023-11-27 00:00:00+00:00,0,0,0,0
ou_vwap_fast,wf_2023,2023-11-28 00:00:00+00:00,0.00241197681025,0,0,0.000803992270083
ou_vwap_fast,wf_2023,2023-11-29 00:00:00+00:00,0.00429422087553,0.00738207448119,0.00605284039513,0.00590971191728
ou_vwap_fast,wf_2023,2023-11-30 00:00:00+00:00,-0.0001,-0.00443159456757,0,-0.00151053152252
ou_vwap_fast,wf_2023,2023-12-01 00:00:00+00:00,-0.00380486054825,0.000128069678449,0,-0.0012255969566
ou_vwap_fast,wf_2023,2023-12-04 00:00:00+00:00,-0.00043604967026,-0.00064253607419,0,-0.000359528581484
ou_vwap_fast,wf_2023,2023-12-05 00:00:00+00:00,0,0,0,0
ou_vwap_fast,wf_2023,2023-12-06 00:00:00+00:00,0,0,0,0
ou_vwap_fast,wf_2023,2023-12-07 00:00:00+00:00,0,0,0,0
ou_vwap_fast,wf_2023,2023-12-08 00:00:00+00:00,0,0,0.00786766903304,0.00262255634435
ou_vwap_fast,wf_2023,2023-12-11 00:00:00+00:00,0,0,0,0
ou_vwap_fast,wf_2023,2023-12-12 00:00:00+00:00,0,0,0,0
ou_vwap_fast,wf_2023,2023-12-13 00:00:00+00:00,-0.00724740067647,0.00765618689605,0.00590660935041,0.00210513185667
ou_vwap_fast,wf_2023,2023-12-14 00:00:00+00:00,0.00391258071267,0.00528254132252,0.000457021057387,0.00321738103086
ou_vwap_fast,wf_2023,2023-12-15 00:00:00+00:00,0,-0.0001,0,-3.33333333333e-05
ou_vwap_fast,wf_2023,2023-12-18 00:00:00+00:00,0,0,0,0
ou_vwap_fast,wf_2023,2023-12-19 00:00:00+00:00,0,0,0,0
ou_vwap_fast,wf_2023,2023-12-20 00:00:00+00:00,-0.0059035038901,-0.00666877499092,-0.0065632011031,-0.00637849332804
ou_vwap_fast,wf_2023,2023-12-21 00:00:00+00:00,0,0,0,0
ou_vwap_fast,wf_2023,2023-12-22 00:00:00+00:00,0,0,0.00464188543497,0.00154729514499
ou_vwap_fast,wf_2023,2023-12-26 00:00:00+00:00,0,0,0,0
ou_vwap_fast,wf_2023,2023-12-27 00:00:00+00:00,0,0,0,0
ou_vwap_fast,wf_2023,2023-12-28 00:00:00+00:00,0,0,0.00212099961737,0.000706999872456
ou_vwap_fast,wf_2023,2023-12-29 00:00:00+00:00,-0.0013688344202,9.65190645723e-05,-0.00421517160814,-0.00182916232125
ou_vwap_fast,wf_2024,2024-01-02 00:00:00+00:00,0.00340232489933,-0.000325503843783,0,0.00102560701852
ou_vwap_fast,wf_2024,2024-01-03 00:00:00+00:00,0,0,-0.00072261655224,-0.00024087218408
ou_vwap_fast,wf_2024,2024-01-04 00:00:00+00:00,0.0044109149722,0,0,0.00147030499073
ou_vwap_fast,wf_2024,2024-01-05 00:00:00+00:00,0.00379500929628,0.00596454477513,0.00790489205822,0.00588814870987
ou_vwap_fast,wf_2024,2024-01-08 00:00:00+00:00,-0.00873136309675,0,-0.00909735953839,-0.00594290754505
ou_vwap_fast,wf_2024,2024-01-09 00:00:00+00:00,0,0,0,0
ou_vwap_fast,wf_2024,2024-01-10 00:00:00+00:00,0,0,0,0
ou_vwap_fast,wf_2024,2024-01-11 00:00:00+00:00,0.00406674469612,0.000325364649854,0.0077267846789,0.00403963134163
ou_vwap_fast,wf_2024,2024-01-12 00:00:00+00:00,0,0,0.00995222329903,0.00331740776634
ou_vwap_fast,wf_2024,2024-01-16 00:00:00+00:00,0.00438403719881,0.00651580325193,0,0.00363328015025
ou_vwap_fast,wf_2024,2024-01-17 00:00:00+00:00,0.000696092732774,0.00539175215354,0,0.00202928162877
ou_vwap_fast,wf_2024,2024-01-18 00:00:00+00:00,0.00183910828972,0.00345650559593,0.00895882653401,0.00475148013989
ou_vwap_fast,wf_2024,2024-01-19 00:00:00+00:00,-0.0103262516724,0,-0.00576988068611,-0.00536537745285
ou_vwap_fast,wf_2024,2024-01-22 00:00:00+00:00,0,0,-0.00556152146927,-0.00185384048976
ou_vwap_fast,wf_2024,2024-01-23 00:00:00+00:00,0,0,0,0
ou_vwap_fast,wf_2024,2024-01-24 00:00:00+00:00,0,0,0,0
ou_vwap_fast,wf_2024,2024-01-25 00:00:00+00:00,0,0,0,0
ou_vwap_fast,wf_2024,2024-01-26 00:00:00+00:00,0,0,0,0
ou_vwap_fast,wf_2024,2024-01-29 00:00:00+00:00,0,0,-0.00459536630977,-0.00153178876992
ou_vwap_fast,wf_2024,2024-01-30 00:00:00+00:00,0,0,-0.0001,-3.33333333333e-05
ou_vwap_fast,wf_2024,2024-01-31 00:00:00+00:00,-0.00184629043131,0.00170676930286,0.00456008895533,0.00147352260896
ou_vwap_fast,wf_2024,2024-02-01 00:00:00+00:00,0,0,0.0056450663204,0.00188168877347
ou_vwap_fast,wf_2024,2024-02-02 00:00:00+00:00,0,-0.0104565299042,0,-0.00348550996808
ou_vwap_fast,wf_2024,2024-02-05 00:00:00+00:00,0,0,0.00799641804272,0.00266547268091
ou_vwap_fast,wf_2024,2024-02-06 00:00:00+00:00,0,0,0,0
ou_vwap_fast,wf_2024,2024-02-07 00:00:00+00:00,0,0,0,0
ou_vwap_fast,wf_2024,2024-02-08 00:00:00+00:00,0,0,0,0
ou_vwap_fast,wf_2024,2024-02-09 00:00:00+00:00,0,0,-0.00244348716526,-0.000814495721755
ou_vwap_fast,wf_2024,2024-02-12 00:00:00+00:00,0,0,-0.00855582160074,-0.00285194053358
ou_vwap_fast,wf_2024,2024-02-13 00:00:00+00:00,-0.00740113328963,-0.0096945210022,-0.00459124843049,-0.0072289675741
ou_vwap_fast,wf_2024,2024-02-14 00:00:00+00:00,0,0,0,0
ou_vwap_fast,wf_2024,2024-02-15 00:00:00+00:00,0,0,0,0
ou_vwap_fast,wf_2024,2024-02-16 00:00:00+00:00,0,0,0,0
ou_vwap_fast,wf_2024,2024-02-20 00:00:00+00:00,0,0,0,0
ou_vwap_fast,wf_2024,2024-02-21 00:00:00+00:00,0,0,0,0
ou_vwap_fast,wf_2024,2024-02-22 00:00:00+00:00,0,0,0,0
ou_vwap_fast,wf_2024,2024-02-23 00:00:00+00:00,0,0,0,0
ou_vwap_fast,wf_2024,2024-02-26 00:00:00+00:00,0,0,0,0
ou_vwap_fast,wf_2024,2024-02-27 00:00:00+00:00,0,0,0,0
ou_vwap_fast,wf_2024,2024-02-28 00:00:00+00:00,0,0,-0.0028293380646,-0.0009431126882
ou_vwap_fast,wf_2024,2024-02-29 00:00:00+00:00,0.00444282538895,-0.00249960125779,0.00565053530018,0.00253125314378
ou_vwap_fast,wf_2024,2024-03-01 00:00:00+00:00,-0.0055509073472,-0.0118589778047,0.000833348605419,-0.00552551218216
ou_vwap_fast,wf_2024,2024-03-04 00:00:00+00:00,0,0,0,0
ou_vwap_fast,wf_2024,2024-03-05 00:00:00+00:00,-0.00189680787637,0,-0.00766854622777,-0.00318845136805
ou_vwap_fast,wf_2024,2024-03-06 00:00:00+00:00,0,0,0,0
ou_vwap_fast,wf_2024,2024-03-07 00:00:00+00:00,0,0,0,0
ou_vwap_fast,wf_2024,2024-03-08 00:00:00+00:00,0,0,0.0114649972112,0.00382166573707
ou_vwap_fast,wf_2024,2024-03-11 00:00:00+00:00,0,0,0,0
ou_vwap_fast,wf_2024,2024-03-12 00:00:00+00:00,0,0,0,0
ou_vwap_fast,wf_2024,2024-03-13 00:00:00+00:00,0,0,0,0
ou_vwap_fast,wf_2024,2024-03-14 00:00:00+00:00,0,0,-0.00517488778381,-0.0017249625946
ou_vwap_fast,wf_2024,2024-03-15 00:00:00+00:00,0,0.000522981417623,0,0.000174327139208
ou_vwap_fast,wf_2024,2024-03-18 00:00:00+00:00,0.00144369090326,0.00307922720969,0,0.00150763937098
ou_vwap_fast,wf_2024,2024-03-19 00:00:00+00:00,0,0.00491033332187,0,0.00163677777396
ou_vwap_fast,wf_2024,2024-03-20 00:00:00+00:00,0,0,0,0
ou_vwap_fast,wf_2024,2024-03-21 00:00:00+00:00,0,0.00259258426913,-0.00286414990822,-9.0521879696e-05
ou_vwap_fast,wf_2024,2024-03-22 00:00:00+00:00,0,0,0,0
ou_vwap_fast,wf_2024,2024-03-25 00:00:00+00:00,0,0,0,0
ou_vwap_fast,wf_2024,2024-03-26 00:00:00+00:00,0,0,0,0
ou_vwap_fast,wf_2024,2024-03-27 00:00:00+00:00,-0.00454930333938,0,0,-0.00151643444646
ou_vwap_fast,wf_2024,2024-03-28 00:00:00+00:00,-0.000106212224436,0,0,-3.54040748121e-05
ou_vwap_fast,wf_2024,2024-04-01 00:00:00+00:00,-0.00027701794818,0.00422346680367,0,0.00131548295183
ou_vwap_fast,wf_2024,2024-04-02 00:00:00+00:00,0.000811164315342,0.00247415879812,0,0.00109510770449
ou_vwap_fast,wf_2024,2024-04-03 00:00:00+00:00,0,0.00124457772302,0,0.000414859241008
ou_vwap_fast,wf_2024,2024-04-04 00:00:00+00:00,0.0061793197026,0.000712916882438,0,0.00229741219501
ou_vwap_fast,wf_2024,2024-04-05 00:00:00+00:00,0,0,0,0
ou_vwap_fast,wf_2024,2024-04-08 00:00:00+00:00,0,0,0,0
ou_vwap_fast,wf_2024,2024-04-09 00:00:00+00:00,0,0,0,0
ou_vwap_fast,wf_2024,2024-04-10 00:00:00+00:00,0,0,-0.00605569170524,-0.00201856390175
ou_vwap_fast,wf_2024,2024-04-11 00:00:00+00:00,-0.00219232380976,-0.00904181623624,0,-0.00374471334867
ou_vwap_fast,wf_2024,2024-04-12 00:00:00+00:00,6.13734933941e-05,-0.0001,0,-1.2875502202e-05
ou_vwap_fast,wf_2024,2024-04-15 00:00:00+00:00,-0.0001,0,0,-3.33333333333e-05
ou_vwap_fast,wf_2024,2024-04-16 00:00:00+00:00,0,0,0,0
ou_vwap_fast,wf_2024,2024-04-17 00:00:00+00:00,0,0,0,0
ou_vwap_fast,wf_2024,2024-04-18 00:00:00+00:00,0,0,0,0
ou_vwap_fast,wf_2024,2024-04-19 00:00:00+00:00,0,0,0,0
ou_vwap_fast,wf_2024,2024-04-22 00:00:00+00:00,-0.00747386038161,0,0,-0.00249128679387
ou_vwap_fast,wf_2024,2024-04-23 00:00:00+00:00,0,0,0,0
ou_vwap_fast,wf_2024,2024-04-24 00:00:00+00:00,0,0,0,0
ou_vwap_fast,wf_2024,2024-04-25 00:00:00+00:00,0,0,0,0
ou_vwap_fast,wf_2024,2024-04-26 00:00:00+00:00,0,0,0,0
ou_vwap_fast,wf_2024,2024-04-29 00:00:00+00:00,0,0,0,0
ou_vwap_fast,wf_2024,2024-04-30 00:00:00+00:00,0,0,0,0
ou_vwap_fast,wf_2024,2024-05-01 00:00:00+00:00,0,0,0,0
ou_vwap_fast,wf_2024,2024-05-02 00:00:00+00:00,0,0,0,0
ou_vwap_fast,wf_2024,2024-05-03 00:00:00+00:00,0.00409663206404,-0.00243305620973,-0.00267224249773,-0.000336222214472
ou_vwap_fast,wf_2024,2024-05-06 00:00:00+00:00,0,0,0,0
ou_vwap_fast,wf_2024,2024-05-07 00:00:00+00:00,0,0,0,0
ou_vwap_fast,wf_2024,2024-05-08 00:00:00+00:00,0.00236785942816,0.00286832423436,0.00196831757097,0.00240150041116
ou_vwap_fast,wf_2024,2024-05-09 00:00:00+00:00,0,0,0,0
ou_vwap_fast,wf_2024,2024-05-10 00:00:00+00:00,0.00263413903686,0.00457609325364,0,0.0024034107635
ou_vwap_fast,wf_2024,2024-05-13 00:00:00+00:00,0,0,0,0
ou_vwap_fast,wf_2024,2024-05-14 00:00:00+00:00,0,0.000992181503785,0,0.000330727167928
ou_vwap_fast,wf_2024,2024-05-15 00:00:00+00:00,-0.00519933000634,-0.00979553415963,0,-0.00499828805532
ou_vwap_fast,wf_2024,2024-05-16 00:00:00+00:00,0,0,0,0
ou_vwap_fast,wf_2024,2024-05-17 00:00:00+00:00,0,0,0,0
ou_vwap_fast,wf_2024,2024-05-20 00:00:00+00:00,0,0,0,0
ou_vwap_fast,wf_2024,2024-05-21 00:00:00+00:00,0,0,0,0
ou_vwap_fast,wf_2024,2024-05-22 00:00:00+00:00,0,0,0.00323386923851,0.00107795641284
ou_vwap_fast,wf_2024,2024-05-23 00:00:00+00:00,-0.0027105668011,-0.00324535567999,-0.0001,-0.00201864082703
ou_vwap_fast,wf_2024,2024-05-24 00:00:00+00:00,0,0,0,0
ou_vwap_fast,wf_2024,2024-05-28 00:00:00+00:00,0,0,0,0
ou_vwap_fast,wf_2024,2024-05-29 00:00:00+00:00,0,0,0,0
ou_vwap_fast,wf_2024,2024-05-30 00:00:00+00:00,0,0,0,0
ou_vwap_fast,wf_2024,2024-05-31 00:00:00+00:00,-0.00684470129208,0,0,-0.00228156709736
ou_vwap_fast,wf_2024,2024-06-03 00:00:00+00:00,0.0086917952077,0,0.00949128740455,0.00606102753742
ou_vwap_fast,wf_2024,2024-06-04 00:00:00+00:00,0,0,0,0
ou_vwap_fast,wf_2024,2024-06-05 00:00:00+00:00,0,0,-0.00460836259767,-0.00153612086589
ou_vwap_fast,wf_2024,2024-06-06 00:00:00+00:00,0,0,-0.0001,-3.33333333333e-05
ou_vwap_fast,wf_2024,2024-06-07 00:00:00+00:00,0,0,0,0
ou_vwap_fast,wf_2024,2024-06-10 00:00:00+00:00,0.00440565176571,0,0,0.00146855058857
ou_vwap_fast,wf_2024,2024-06-11 00:00:00+00:00,0,-0.00170489964297,0,-0.000568299880989
ou_vwap_fast,wf_2024,2024-06-12 00:00:00+00:00,0.000964806522849,-0.000891411046531,0.00662600938328,0.0022331349532
ou_vwap_fast,wf_2024,2024-06-13 00:00:00+00:00,0,0,-0.00136318550737,-0.000454395169122
ou_vwap_fast,wf_2024,2024-06-14 00:00:00+00:00,0,0,0,0
ou_vwap_fast,wf_2024,2024-06-17 00:00:00+00:00,0,0,0,0
ou_vwap_fast,wf_2024,2024-06-18 00:00:00+00:00,0,0,0,0
ou_vwap_fast,wf_2024,2024-06-20 00:00:00+00:00,-0.000118776874402,-0.00288655661553,0,-0.00100177782998
ou_vwap_fast,wf_2024,2024-06-21 00:00:00+00:00,-0.0001,0,0,-3.33333333333e-05
ou_vwap_fast,wf_2024,2024-06-24 00:00:00+00:00,0,0,0,0
ou_vwap_fast,wf_2024,2024-06-25 00:00:00+00:00,0,-0.0025836899238,0,-0.000861229974599
ou_vwap_fast,wf_2024,2024-06-26 00:00:00+00:00,0,0,0,0
ou_vwap_fast,wf_2024,2024-06-27 00:00:00+00:00,0.00176514241544,0,0,0.000588380805148
ou_vwap_fast,wf_2024,2024-06-28 00:00:00+00:00,0.000226298464556,0.00808528377622,0.00516424620412,0.00449194281497
ou_vwap_fast,wf_2024,2024-07-01 00:00:00+00:00,0,0,0.000460532164566,0.000153510721522
ou_vwap_fast,wf_2024,2024-07-02 00:00:00+00:00,0,0,0,0
ou_vwap_fast,wf_2024,2024-07-03 00:00:00+00:00,0,0,0,0
ou_vwap_fast,wf_2024,2024-07-05 00:00:00+00:00,0,0,0.00312091339461,0.00104030446487
ou_vwap_fast,wf_2024,2024-07-08 00:00:00+00:00,0.00100719732313,0.00242849755721,0.00366242833609,0.00236604107215
ou_vwap_fast,wf_2024,2024-07-09 00:00:00+00:00,-0.0001,-0.0001,0,-6.66666666667e-05
ou_vwap_fast,wf_2024,2024-07-10 00:00:00+00:00,0,0,0,0
ou_vwap_fast,wf_2024,2024-07-11 00:00:00+00:00,0,0,0,0
ou_vwap_fast,wf_2024,2024-07-12 00:00:00+00:00,0,0,0,0
ou_vwap_fast,wf_2024,2024-07-15 00:00:00+00:00,0,0,0,0
ou_vwap_fast,wf_2024,2024-07-16 00:00:00+00:00,0,0,-0.0111918600417,-0.0037306200139
ou_vwap_fast,wf_2024,2024-07-17 00:00:00+00:00,0,0,-0.00285592559446,-0.000951975198152
ou_vwap_fast,wf_2024,2024-07-18 00:00:00+00:00,0,0,0,0
ou_vwap_fast,wf_2024,2024-07-19 00:00:00+00:00,0,0,0,0
ou_vwap_fast,wf_2024,2024-07-22 00:00:00+00:00,-0.00133223590268,-0.00359573778998,-0.00391029479963,-0.00294608949743
ou_vwap_fast,wf_2024,2024-07-23 00:00:00+00:00,0,0,-0.0138649720992,-0.00462165736639
ou_vwap_fast,wf_2024,2024-07-24 00:00:00+00:00,0,-0.0154274672886,-0.00444195555335,-0.00662314094732
ou_vwap_fast,wf_2024,2024-07-25 00:00:00+00:00,0,-0.0001,-0.0001,-6.66666666667e-05
ou_vwap_fast,wf_2024,2024-07-26 00:00:00+00:00,0,0,0,0
ou_vwap_fast,wf_2024,2024-07-29 00:00:00+00:00,0,0,0,0
ou_vwap_fast,wf_2024,2024-07-30 00:00:00+00:00,0.00243764335066,-0.000585849651437,0,0.000617264566407
ou_vwap_fast,wf_2024,2024-07-31 00:00:00+00:00,-0.00484339606617,-0.00614452986864,0.00461473080685,-0.00212439837598
ou_vwap_fast,wf_2024,2024-08-01 00:00:00+00:00,0,0,-0.00447247793935,-0.00149082597978
ou_vwap_fast,wf_2024,2024-08-02 00:00:00+00:00,0,0,0,0
ou_vwap_fast,wf_2024,2024-08-05 00:00:00+00:00,0,0,0.0212799172071,0.0070933057357
ou_vwap_fast,wf_2024,2024-08-06 00:00:00+00:00,-0.00159529507159,0.0137447413921,0,0.00404981544015
ou_vwap_fast,wf_2024,2024-08-07 00:00:00+00:00,0,-0.0001,0,-3.33333333333e-05
ou_vwap_fast,wf_2024,2024-08-08 00:00:00+00:00,0,0,0,0
ou_vwap_fast,wf_2024,2024-08-09 00:00:00+00:00,0,0,0,0
ou_vwap_fast,wf_2024,2024-08-12 00:00:00+00:00,0,0,0,0
ou_vwap_fast,wf_2024,2024-08-13 00:00:00+00:00,0,0,0,0
ou_vwap_fast,wf_2024,2024-08-14 00:00:00+00:00,0,0,0,0
ou_vwap_fast,wf_2024,2024-08-15 00:00:00+00:00,-0.00700494371335,-0.00386694736466,-0.00856568699752,-0.00647919269184
ou_vwap_fast,wf_2024,2024-08-16 00:00:00+00:00,0,0,0,0
ou_vwap_fast,wf_2024,2024-08-19 00:00:00+00:00,0,0,0,0
ou_vwap_fast,wf_2024,2024-08-20 00:00:00+00:00,0,0,0.0014336378302,0.000477879276732
ou_vwap_fast,wf_2024,2024-08-21 00:00:00+00:00,0,0,0,0
ou_vwap_fast,wf_2024,2024-08-22 00:00:00+00:00,-0.00539078308103,-0.0115855361284,0,-0.00565877306982
ou_vwap_fast,wf_2024,2024-08-23 00:00:00+00:00,-0.00102809017214,-0.0001,-0.00342592631645,-0.0015180054962
ou_vwap_fast,wf_2024,2024-08-26 00:00:00+00:00,0,0,0,0
ou_vwap_fast,wf_2024,2024-08-27 00:00:00+00:00,0,0,0,0
ou_vwap_fast,wf_2024,2024-08-28 00:00:00+00:00,0,0,0,0
ou_vwap_fast,wf_2024,2024-08-29 00:00:00+00:00,0,0,0,0
ou_vwap_fast,wf_2024,2024-08-30 00:00:00+00:00,0,0,0,0
ou_vwap_fast,wf_2024,2024-09-03 00:00:00+00:00,0,0,-0.000341672410731,-0.000113890803577
ou_vwap_fast,wf_2024,2024-09-04 00:00:00+00:00,0,0,0,0
ou_vwap_fast,wf_2024,2024-09-05 00:00:00+00:00,0,0,0,0
ou_vwap_fast,wf_2024,2024-09-06 00:00:00+00:00,0,0,0,0
ou_vwap_fast,wf_2024,2024-09-09 00:00:00+00:00,0,0,0,0
ou_vwap_fast,wf_2024,2024-09-10 00:00:00+00:00,0,0,0,0
ou_vwap_fast,wf_2024,2024-09-11 00:00:00+00:00,0,0,0,0
ou_vwap_fast,wf_2024,2024-09-12 00:00:00+00:00,0,0,0,0
ou_vwap_fast,wf_2024,2024-09-13 00:00:00+00:00,0,0,0,0
ou_vwap_fast,wf_2024,2024-09-16 00:00:00+00:00,0,0,0,0
ou_vwap_fast,wf_2024,2024-09-17 00:00:00+00:00,0,0,0.00232832996865,0.000776109989549
ou_vwap_fast,wf_2024,2024-09-18 00:00:00+00:00,0,0,-0.0001,-3.33333333333e-05
ou_vwap_fast,wf_2024,2024-09-19 00:00:00+00:00,-0.00535183352925,-0.00607689886802,0,-0.00380957746575
ou_vwap_fast,wf_2024,2024-09-20 00:00:00+00:00,0,0,0,0
ou_vwap_fast,wf_2024,2024-09-23 00:00:00+00:00,0,0,0,0
ou_vwap_fast,wf_2024,2024-09-24 00:00:00+00:00,0,0,0,0
ou_vwap_fast,wf_2024,2024-09-25 00:00:00+00:00,0,0,0,0
ou_vwap_fast,wf_2024,2024-09-26 00:00:00+00:00,0.00397183498037,0.0106698974158,0.00421984508164,0.00628719249259
ou_vwap_fast,wf_2024,2024-09-27 00:00:00+00:00,0.000257327404532,0.00102058234594,0.00346571930879,0.00158120968642
ou_vwap_fast,wf_2024,2024-09-30 00:00:00+00:00,0.00249609506849,0.00401657892288,0,0.00217089133046
ou_vwap_fast,wf_2024,2024-10-01 00:00:00+00:00,-0.000594461180983,-0.00237395238178,0.000453002957543,-0.000838470201741
ou_vwap_fast,wf_2024,2024-10-02 00:00:00+00:00,0.00431262215497,0,0,0.00143754071832
ou_vwap_fast,wf_2024,2024-10-03 00:00:00+00:00,0,0,0,0
ou_vwap_fast,wf_2024,2024-10-04 00:00:00+00:00,0.0015669457551,0.00264298299236,0.00301479341245,0.00240824071997
ou_vwap_fast,wf_2024,2024-10-07 00:00:00+00:00,-0.000818624565402,-0.00254324550931,0,-0.00112062335824
ou_vwap_fast,wf_2024,2024-10-08 00:00:00+00:00,-0.0001,-0.00336213133723,0,-0.00115404377908
ou_vwap_fast,wf_2024,2024-10-09 00:00:00+00:00,0,0,0,0
ou_vwap_fast,wf_2024,2024-10-10 00:00:00+00:00,0,0,0.0067150893781,0.00223836312603
ou_vwap_fast,wf_2024,2024-10-11 00:00:00+00:00,0,0,-0.0112207080021,-0.00374023600071
ou_vwap_fast,wf_2024,2024-10-14 00:00:00+00:00,0,0.00484939538903,0,0.00161646512968
ou_vwap_fast,wf_2024,2024-10-15 00:00:00+00:00,0,-0.0110026433728,0,-0.00366754779092
ou_vwap_fast,wf_2024,2024-10-16 00:00:00+00:00,0,0,0,0
ou_vwap_fast,wf_2024,2024-10-17 00:00:00+00:00,0,0,0.00128755053842,0.000429183512807
ou_vwap_fast,wf_2024,2024-10-18 00:00:00+00:00,0,0,0,0
ou_vwap_fast,wf_2024,2024-10-21 00:00:00+00:00,0,0,0,0
ou_vwap_fast,wf_2024,2024-10-22 00:00:00+00:00,0.0026280442511,0,0,0.000876014750366
ou_vwap_fast,wf_2024,2024-10-23 00:00:00+00:00,-0.00252501632367,-0.0126936218254,0,-0.00507287938303
ou_vwap_fast,wf_2024,2024-10-24 00:00:00+00:00,0,0,-0.00186394784219,-0.000621315947395
ou_vwap_fast,wf_2024,2024-10-25 00:00:00+00:00,-0.00298016244824,0,0,-0.000993387482745
ou_vwap_fast,wf_2024,2024-10-28 00:00:00+00:00,0,0,-0.000200750602331,-6.69168674435e-05
ou_vwap_fast,wf_2024,2024-10-29 00:00:00+00:00,0,0,0,0
ou_vwap_fast,wf_2024,2024-10-30 00:00:00+00:00,0,0,0,0
ou_vwap_fast,wf_2024,2024-10-31 00:00:00+00:00,-0.00243602932983,-0.004854615224,0,-0.00243021485128
ou_vwap_fast,wf_2024,2024-11-01 00:00:00+00:00,0,0,0,0
ou_vwap_fast,wf_2024,2024-11-04 00:00:00+00:00,0,0,0,0
ou_vwap_fast,wf_2024,2024-11-05 00:00:00+00:00,0,0,0,0
ou_vwap_fast,wf_2024,2024-11-06 00:00:00+00:00,0,0,-0.0129093209236,-0.00430310697454
ou_vwap_fast,wf_2024,2024-11-07 00:00:00+00:00,0,0,0,0
ou_vwap_fast,wf_2024,2024-11-08 00:00:00+00:00,0,0,0,0
ou_vwap_fast,wf_2024,2024-11-11 00:00:00+00:00,0,0,0,0
ou_vwap_fast,wf_2024,2024-11-12 00:00:00+00:00,0,0,0,0
ou_vwap_fast,wf_2024,2024-11-13 00:00:00+00:00,0,0,0,0
ou_vwap_fast,wf_2024,2024-11-14 00:00:00+00:00,0,-0.000871782863281,0,-0.00029059428776
ou_vwap_fast,wf_2024,2024-11-15 00:00:00+00:00,-0.00437321577054,-0.00559034765033,0,-0.00332118780696
ou_vwap_fast,wf_2024,2024-11-18 00:00:00+00:00,0,0,0,0
ou_vwap_fast,wf_2024,2024-11-19 00:00:00+00:00,0,0,0,0
ou_vwap_fast,wf_2024,2024-11-20 00:00:00+00:00,0,0,0,0
ou_vwap_fast,wf_2024,2024-11-21 00:00:00+00:00,0,0,-0.00259297913856,-0.000864326379518
ou_vwap_fast,wf_2024,2024-11-22 00:00:00+00:00,0,0,0,0
ou_vwap_fast,wf_2024,2024-11-25 00:00:00+00:00,0,0.00750609342423,0.00522023876891,0.00424211073105
ou_vwap_fast,wf_2024,2024-11-26 00:00:00+00:00,0,0,0.00301851579113,0.00100617193038
ou_vwap_fast,wf_2024,2024-11-27 00:00:00+00:00,0,0.000339030914297,0,0.000113010304766
ou_vwap_fast,wf_2024,2024-11-29 00:00:00+00:00,0,-0.00357449756236,0,-0.00119149918745
ou_vwap_fast,wf_2024,2024-12-02 00:00:00+00:00,0,-0.0001,0,-3.33333333333e-05
ou_vwap_fast,wf_2024,2024-12-03 00:00:00+00:00,0,0,0,0
ou_vwap_fast,wf_2024,2024-12-04 00:00:00+00:00,0,0,0.00338356067119,0.00112785355706
ou_vwap_fast,wf_2024,2024-12-05 00:00:00+00:00,0,0,0,0
ou_vwap_fast,wf_2024,2024-12-06 00:00:00+00:00,0,0,0,0
ou_vwap_fast,wf_2024,2024-12-09 00:00:00+00:00,-0.00334683235634,0,-0.00341270620078,-0.00225317951904
ou_vwap_fast,wf_2024,2024-12-10 00:00:00+00:00,0,0,0.00298056334126,0.000993521113754
ou_vwap_fast,wf_2024,2024-12-11 00:00:00+00:00,-0.00211773406375,-0.0029423843689,0,-0.00168670614422
ou_vwap_fast,wf_2024,2024-12-12 00:00:00+00:00,0,0,0,0
ou_vwap_fast,wf_2024,2024-12-13 00:00:00+00:00,0,0,0,0
ou_vwap_fast,wf_2024,2024-12-16 00:00:00+00:00,0,0,0,0
ou_vwap_fast,wf_2024,2024-12-17 00:00:00+00:00,0,0,0,0
ou_vwap_fast,wf_2024,2024-12-18 00:00:00+00:00,-0.00166036735849,0,-0.00492448852902,-0.0021949519625
ou_vwap_fast,wf_2024,2024-12-19 00:00:00+00:00,0,0,0,0
ou_vwap_fast,wf_2024,2024-12-20 00:00:00+00:00,0,0,0,0
ou_vwap_fast,wf_2024,2024-12-23 00:00:00+00:00,0,0,0,0
ou_vwap_fast,wf_2024,2024-12-24 00:00:00+00:00,0,0,0,0
ou_vwap_fast,wf_2024,2024-12-26 00:00:00+00:00,0,0,0,0
ou_vwap_fast,wf_2024,2024-12-27 00:00:00+00:00,0,0,0,0
ou_vwap_fast,wf_2024,2024-12-30 00:00:00+00:00,0,0,0,0
ou_vwap_fast,wf_2024,2024-12-31 00:00:00+00:00,0,0,0,0
ou_vwap_fast,wf_2025,2025-01-02 00:00:00+00:00,0,0,0,0
ou_vwap_fast,wf_2025,2025-01-03 00:00:00+00:00,-0.00543716453842,-0.00606628789249,0,-0.00383448414364
ou_vwap_fast,wf_2025,2025-01-06 00:00:00+00:00,0,0,0,0
ou_vwap_fast,wf_2025,2025-01-07 00:00:00+00:00,0,0,-0.00347870579708,-0.00115956859903
ou_vwap_fast,wf_2025,2025-01-08 00:00:00+00:00,0,0,0,0
ou_vwap_fast,wf_2025,2025-01-10 00:00:00+00:00,0,0,0.00440406183776,0.00146802061259
ou_vwap_fast,wf_2025,2025-01-13 00:00:00+00:00,-0.00152299698661,0,0,-0.000507665662204
ou_vwap_fast,wf_2025,2025-01-14 00:00:00+00:00,0.00879519191119,0.0123153808285,-0.000135853125636,0.0069915732047
ou_vwap_fast,wf_2025,2025-01-15 00:00:00+00:00,-0.00217662296082,-0.00449805474935,0.000234497205297,-0.00214672683496
ou_vwap_fast,wf_2025,2025-01-16 00:00:00+00:00,0,0,0,0
ou_vwap_fast,wf_2025,2025-01-17 00:00:00+00:00,0,0,0,0
ou_vwap_fast,wf_2025,2025-01-21 00:00:00+00:00,0,0,0,0
ou_vwap_fast,wf_2025,2025-01-22 00:00:00+00:00,0,0,0,0
ou_vwap_fast,wf_2025,2025-01-23 00:00:00+00:00,0.00369518088821,0.00162563372895,0,0.00177360487239
ou_vwap_fast,wf_2025,2025-01-24 00:00:00+00:00,0.000770639788456,0,0,0.000256879929485
ou_vwap_fast,wf_2025,2025-01-27 00:00:00+00:00,-0.00197755314005,-0.00408521380757,0.00286704602213,-0.0010652403085
ou_vwap_fast,wf_2025,2025-01-28 00:00:00+00:00,0,-0.00711211070779,-0.0001,-0.0024040369026
ou_vwap_fast,wf_2025,2025-01-29 00:00:00+00:00,0,0,0,0
ou_vwap_fast,wf_2025,2025-01-30 00:00:00+00:00,0,0,-0.00286429505274,-0.00095476501758
ou_vwap_fast,wf_2025,2025-01-31 00:00:00+00:00,-0.00182075091382,0,-0.00229247325302,-0.00137107472228
ou_vwap_fast,wf_2025,2025-02-03 00:00:00+00:00,-0.0001,0,0.0113048122655,0.00373493742182
ou_vwap_fast,wf_2025,2025-02-04 00:00:00+00:00,0,0,0,0
ou_vwap_fast,wf_2025,2025-02-05 00:00:00+00:00,0,0,0,0
ou_vwap_fast,wf_2025,2025-02-06 00:00:00+00:00,0,0,0,0
ou_vwap_fast,wf_2025,2025-02-07 00:00:00+00:00,-0.000370851407012,0,0.0019253227385,0.000518157110497
ou_vwap_fast,wf_2025,2025-02-10 00:00:00+00:00,-0.0001,0,-0.0001,-6.66666666667e-05
ou_vwap_fast,wf_2025,2025-02-11 00:00:00+00:00,0,0,0,0
ou_vwap_fast,wf_2025,2025-02-12 00:00:00+00:00,0,0,0.0037677215639,0.00125590718797
ou_vwap_fast,wf_2025,2025-02-13 00:00:00+00:00,0,0,0.00336063442265,0.00112021147422
ou_vwap_fast,wf_2025,2025-02-14 00:00:00+00:00,0,0,0.00704561252059,0.00234853750686
ou_vwap_fast,wf_2025,2025-02-18 00:00:00+00:00,0,0,0,0
ou_vwap_fast,wf_2025,2025-02-19 00:00:00+00:00,0,0.0044156651556,0,0.0014718883852
ou_vwap_fast,wf_2025,2025-02-20 00:00:00+00:00,0.00224055275281,0.00459205305208,-0.00516339706198,0.000556402914306
ou_vwap_fast,wf_2025,2025-02-21 00:00:00+00:00,-0.00164855897394,-0.00992116495935,0,-0.00385657464443
ou_vwap_fast,wf_2025,2025-02-24 00:00:00+00:00,0,-0.0001,0,-3.33333333333e-05
ou_vwap_fast,wf_2025,2025-02-25 00:00:00+00:00,0,0,0,0
ou_vwap_fast,wf_2025,2025-02-26 00:00:00+00:00,0,0,0,0
ou_vwap_fast,wf_2025,2025-02-27 00:00:00+00:00,0,0,0,0
ou_vwap_fast,wf_2025,2025-02-28 00:00:00+00:00,0,0,0,0
ou_vwap_fast,wf_2025,2025-03-03 00:00:00+00:00,0,-0.00605559438346,-0.0117030466315,-0.00591954700498
ou_vwap_fast,wf_2025,2025-03-04 00:00:00+00:00,0.00356246891878,0,0.00187579723176,0.00181275538351
ou_vwap_fast,wf_2025,2025-03-05 00:00:00+00:00,0,0,0,0
ou_vwap_fast,wf_2025,2025-03-06 00:00:00+00:00,0,0,0,0
ou_vwap_fast,wf_2025,2025-03-07 00:00:00+00:00,0,0,0,0
ou_vwap_fast,wf_2025,2025-03-10 00:00:00+00:00,0,0,0,0
ou_vwap_fast,wf_2025,2025-03-11 00:00:00+00:00,0,0,0,0
ou_vwap_fast,wf_2025,2025-03-12 00:00:00+00:00,0,0,0,0
ou_vwap_fast,wf_2025,2025-03-13 00:00:00+00:00,0,0,0,0
ou_vwap_fast,wf_2025,2025-03-14 00:00:00+00:00,0,0,0,0
ou_vwap_fast,wf_2025,2025-03-17 00:00:00+00:00,0,0,0,0
ou_vwap_fast,wf_2025,2025-03-18 00:00:00+00:00,0,0,0,0
ou_vwap_fast,wf_2025,2025-03-19 00:00:00+00:00,0,0,0,0
ou_vwap_fast,wf_2025,2025-03-20 00:00:00+00:00,0,0,0,0
ou_vwap_fast,wf_2025,2025-03-21 00:00:00+00:00,0,0,0.00274364482978,0.000914548276593
ou_vwap_fast,wf_2025,2025-03-24 00:00:00+00:00,0,0,0.000265717888469,8.85726294897e-05
ou_vwap_fast,wf_2025,2025-03-25 00:00:00+00:00,0,0,0,0
ou_vwap_fast,wf_2025,2025-03-26 00:00:00+00:00,0,0,0,0
ou_vwap_fast,wf_2025,2025-03-27 00:00:00+00:00,0,0,0,0
ou_vwap_fast,wf_2025,2025-03-28 00:00:00+00:00,0,0,0,0
ou_vwap_fast,wf_2025,2025-03-31 00:00:00+00:00,-0.00555954022013,-0.00640673170471,0.0112459997937,-0.000240090710385
ou_vwap_fast,wf_2025,2025-04-01 00:00:00+00:00,-0.0001,-0.0001,-0.0001,-0.0001
ou_vwap_fast,wf_2025,2025-04-02 00:00:00+00:00,0,0,0,0
ou_vwap_fast,wf_2025,2025-04-03 00:00:00+00:00,-0.00814356128006,-0.00812671360789,-0.0111306714278,-0.00913364877192
ou_vwap_fast,wf_2025,2025-04-04 00:00:00+00:00,-0.0277778445584,-0.025833818412,-0.0123955238139,-0.0220023955948
ou_vwap_fast,wf_2025,2025-04-07 00:00:00+00:00,0.0616181910642,0.08465795374,0.0819692899919,0.0760818115987
ou_vwap_fast,wf_2025,2025-04-08 00:00:00+00:00,0.0242219722727,0.023022607579,0.0226975974737,0.0233140591085
ou_vwap_fast,wf_2025,2025-04-09 00:00:00+00:00,-0.0364404388889,-0.0458714746691,-0.0302016671593,-0.0375045269058
ou_vwap_fast,wf_2025,2025-04-10 00:00:00+00:00,-0.0001,-0.0001,-0.0001,-0.0001
ou_vwap_fast,wf_2025,2025-04-11 00:00:00+00:00,0,0,0,0
ou_vwap_fast,wf_2025,2025-04-14 00:00:00+00:00,0,0,0,0
ou_vwap_fast,wf_2025,2025-04-15 00:00:00+00:00,0,0,0,0
ou_vwap_fast,wf_2025,2025-04-16 00:00:00+00:00,-0.00300460450066,0.00502116184308,0.0100832658019,0.00403327438146
ou_vwap_fast,wf_2025,2025-04-17 00:00:00+00:00,-0.0001,-0.0001,-0.0001,-0.0001
ou_vwap_fast,wf_2025,2025-04-21 00:00:00+00:00,0,0,0,0
ou_vwap_fast,wf_2025,2025-04-22 00:00:00+00:00,0,0,0,0
ou_vwap_fast,wf_2025,2025-04-23 00:00:00+00:00,0,0,0,0
ou_vwap_fast,wf_2025,2025-04-24 00:00:00+00:00,0,0,0,0
ou_vwap_fast,wf_2025,2025-04-25 00:00:00+00:00,0,0,0,0
ou_vwap_fast,wf_2025,2025-04-28 00:00:00+00:00,0,0,0,0
ou_vwap_fast,wf_2025,2025-04-29 00:00:00+00:00,0,0,0,0
ou_vwap_fast,wf_2025,2025-04-30 00:00:00+00:00,0.0108047614277,0.0131445110462,0.0136801272587,0.0125431332442
ou_vwap_fast,wf_2025,2025-05-01 00:00:00+00:00,-0.000835076155285,-0.00528144055211,0,-0.00203883890247
ou_vwap_fast,wf_2025,2025-05-02 00:00:00+00:00,0,0,-0.00429790027619,-0.0014326334254
ou_vwap_fast,wf_2025,2025-05-05 00:00:00+00:00,0,0,0,0
ou_vwap_fast,wf_2025,2025-05-06 00:00:00+00:00,0,0,0,0
ou_vwap_fast,wf_2025,2025-05-07 00:00:00+00:00,0,0,0,0
ou_vwap_fast,wf_2025,2025-05-08 00:00:00+00:00,-0.00774963431037,-0.00948003596134,0.00189822899508,-0.00511048042554
ou_vwap_fast,wf_2025,2025-05-09 00:00:00+00:00,0,0,-0.0001,-3.33333333333e-05
ou_vwap_fast,wf_2025,2025-05-12 00:00:00+00:00,-0.00597943784676,-0.00728899067904,0.0123124214252,-0.000318669033533
ou_vwap_fast,wf_2025,2025-05-13 00:00:00+00:00,0,0,0,0
ou_vwap_fast,wf_2025,2025-05-14 00:00:00+00:00,0,0,0,0
ou_vwap_fast,wf_2025,2025-05-15 00:00:00+00:00,0,0,0,0
ou_vwap_fast,wf_2025,2025-05-16 00:00:00+00:00,0,0,0,0
ou_vwap_fast,wf_2025,2025-05-19 00:00:00+00:00,0,0,0,0
ou_vwap_fast,wf_2025,2025-05-20 00:00:00+00:00,0.00331547066703,0.00741599973966,0,0.00357715680223
ou_vwap_fast,wf_2025,2025-05-21 00:00:00+00:00,0.000354350362976,-0.00291710734318,-0.0148167356482,-0.00579316420948
ou_vwap_fast,wf_2025,2025-05-22 00:00:00+00:00,-0.0001,-0.0001,0,-6.66666666667e-05
ou_vwap_fast,wf_2025,2025-05-23 00:00:00+00:00,0.00477144853147,0.00031511186506,0,0.00169552013218
ou_vwap_fast,wf_2025,2025-05-27 00:00:00+00:00,-0.00865840788821,-0.00527685001197,-0.0151697225584,-0.00970166015287
ou_vwap_fast,wf_2025,2025-05-28 00:00:00+00:00,0,0,0,0
ou_vwap_fast,wf_2025,2025-05-29 00:00:00+00:00,0,0,0,0
ou_vwap_fast,wf_2025,2025-05-30 00:00:00+00:00,0,0,0,0
ou_vwap_fast,wf_2025,2025-06-02 00:00:00+00:00,-0.00143731850187,0,0,-0.000479106167291
ou_vwap_fast,wf_2025,2025-06-03 00:00:00+00:00,-0.00585613126934,0,-0.00740198418391,-0.00441937181775
ou_vwap_fast,wf_2025,2025-06-04 00:00:00+00:00,0,0,0,0
ou_vwap_fast,wf_2025,2025-06-05 00:00:00+00:00,-0.000967435761888,-0.00479333341966,0,-0.00192025639385
ou_vwap_fast,wf_2025,2025-06-06 00:00:00+00:00,0.00397939891084,-0.0001,0,0.00129313297028
ou_vwap_fast,wf_2025,2025-06-09 00:00:00+00:00,0,0,0,0
ou_vwap_fast,wf_2025,2025-06-10 00:00:00+00:00,0,0,0.00264680323042,0.000882267743474
ou_vwap_fast,wf_2025,2025-06-11 00:00:00+00:00,0.00155515080557,0.00226702975024,-0.00138394155088,0.000812746334976
ou_vwap_fast,wf_2025,2025-06-12 00:00:00+00:00,-0.0001,-0.0001,-0.0001,-0.0001
ou_vwap_fast,wf_2025,2025-06-13 00:00:00+00:00,-0.00505274001346,-0.00352217928363,0,-0.00285830643236
ou_vwap_fast,wf_2025,2025-06-16 00:00:00+00:00,0,-0.00326229716878,0,-0.00108743238959
ou_vwap_fast,wf_2025,2025-06-17 00:00:00+00:00,0,0,0,0
ou_vwap_fast,wf_2025,2025-06-18 00:00:00+00:00,0,0,0,0
ou_vwap_fast,wf_2025,2025-06-20 00:00:00+00:00,0,0,0,0
ou_vwap_fast,wf_2025,2025-06-23 00:00:00+00:00,-0.00415095624163,-0.00262231000527,0,-0.00225775541563
ou_vwap_fast,wf_2025,2025-06-24 00:00:00+00:00,-0.00390593009698,-0.00509271433113,-0.00500331400615,-0.00466731947809
ou_vwap_fast,wf_2025,2025-06-25 00:00:00+00:00,0,0,0,0
ou_vwap_fast,wf_2025,2025-06-26 00:00:00+00:00,0,0,0,0
ou_vwap_fast,wf_2025,2025-06-27 00:00:00+00:00,0,0,0,0
ou_vwap_fast,wf_2025,2025-06-30 00:00:00+00:00,0,0,0,0
ou_vwap_fast,wf_2025,2025-07-01 00:00:00+00:00,0,0,0,0
ou_vwap_fast,wf_2025,2025-07-02 00:00:00+00:00,0,0,0,0
ou_vwap_fast,wf_2025,2025-07-03 00:00:00+00:00,0,0,0,0
ou_vwap_fast,wf_2025,2025-07-07 00:00:00+00:00,0,0,-0.00263493662103,-0.00087831220701
ou_vwap_fast,wf_2025,2025-07-08 00:00:00+00:00,0,0,-0.0001,-3.33333333333e-05
ou_vwap_fast,wf_2025,2025-07-09 00:00:00+00:00,0,0,0,0
ou_vwap_fast,wf_2025,2025-07-10 00:00:00+00:00,0,0,0,0
ou_vwap_fast,wf_2025,2025-07-11 00:00:00+00:00,0,0,0,0
ou_vwap_fast,wf_2025,2025-07-14 00:00:00+00:00,0.00331104915257,0.005734439657,0,0.00301516293652
ou_vwap_fast,wf_2025,2025-07-15 00:00:00+00:00,0,0.00261511130946,0,0.00087170376982
ou_vwap_fast,wf_2025,2025-07-16 00:00:00+00:00,-0.000652546445906,0.00117344252312,-0.00101756905959,-0.000165557660795
ou_vwap_fast,wf_2025,2025-07-17 00:00:00+00:00,-0.00389589232634,-0.00459016924491,-0.0001,-0.00286202052375
ou_vwap_fast,wf_2025,2025-07-18 00:00:00+00:00,0,0,0,0
ou_vwap_fast,wf_2025,2025-07-21 00:00:00+00:00,0,0,0,0
ou_vwap_fast,wf_2025,2025-07-22 00:00:00+00:00,0,0,0,0
ou_vwap_fast,wf_2025,2025-07-23 00:00:00+00:00,0,0,0,0
ou_vwap_fast,wf_2025,2025-07-24 00:00:00+00:00,0,0,0,0
ou_vwap_fast,wf_2025,2025-07-25 00:00:00+00:00,0,0,0,0
ou_vwap_fast,wf_2025,2025-07-28 00:00:00+00:00,-0.000433274616173,0,0,-0.000144424872058
ou_vwap_fast,wf_2025,2025-07-29 00:00:00+00:00,-0.0001,0.00214545977322,0,0.000681819924406
ou_vwap_fast,wf_2025,2025-07-30 00:00:00+00:00,0.00250415429665,0.00281541791128,-0.00188539385404,0.00114472611796
ou_vwap_fast,wf_2025,2025-07-31 00:00:00+00:00,-0.00218515960646,-0.00177561088423,0,-0.00132025683023
ou_vwap_fast,wf_2025,2025-08-01 00:00:00+00:00,0,-0.00273593640085,0.00833232150588,0.00186546170168
ou_vwap_fast,wf_2025,2025-08-04 00:00:00+00:00,0,-0.00286560422131,-0.00299577869656,-0.00195379430595
ou_vwap_fast,wf_2025,2025-08-05 00:00:00+00:00,0,0,0,0
ou_vwap_fast,wf_2025,2025-08-06 00:00:00+00:00,0,0,0,0
ou_vwap_fast,wf_2025,2025-08-07 00:00:00+00:00,0,0,0,0
ou_vwap_fast,wf_2025,2025-08-08 00:00:00+00:00,0,0,0,0
ou_vwap_fast,wf_2025,2025-08-11 00:00:00+00:00,0,0,0,0
ou_vwap_fast,wf_2025,2025-08-12 00:00:00+00:00,0,0,0,0
ou_vwap_fast,wf_2025,2025-08-13 00:00:00+00:00,0,0,0,0
ou_vwap_fast,wf_2025,2025-08-14 00:00:00+00:00,0,0,0,0
ou_vwap_fast,wf_2025,2025-08-15 00:00:00+00:00,0,0,0,0
ou_vwap_fast,wf_2025,2025-08-18 00:00:00+00:00,0,0,0,0
ou_vwap_fast,wf_2025,2025-08-19 00:00:00+00:00,-0.00235469290761,-0.00726459853292,0,-0.00320643048018
ou_vwap_fast,wf_2025,2025-08-20 00:00:00+00:00,-0.00304346038281,-0.0093449214746,0,-0.00412946061913
ou_vwap_fast,wf_2025,2025-08-21 00:00:00+00:00,0,0,0,0
ou_vwap_fast,wf_2025,2025-08-22 00:00:00+00:00,-0.00963102131847,-1.41075806731e-05,-0.030783494001,-0.0134762076334
ou_vwap_fast,wf_2025,2025-08-25 00:00:00+00:00,0,0,0,0
ou_vwap_fast,wf_2025,2025-08-26 00:00:00+00:00,0,0,0,0
ou_vwap_fast,wf_2025,2025-08-27 00:00:00+00:00,0,0,0,0
ou_vwap_fast,wf_2025,2025-08-28 00:00:00+00:00,0,0.000560126513605,0,0.000186708837868
ou_vwap_fast,wf_2025,2025-08-29 00:00:00+00:00,-0.00203248479175,-0.00511254778022,-0.000888320471601,-0.00267778434786
ou_vwap_fast,wf_2025,2025-09-02 00:00:00+00:00,0.0025613227374,0.00262876144856,0.00175253669049,0.00231420695882
ou_vwap_fast,wf_2025,2025-09-03 00:00:00+00:00,0.00293634775372,0,0.00752471763947,0.00348702179773
ou_vwap_fast,wf_2025,2025-09-04 00:00:00+00:00,0,0,-0.0037779661657,-0.00125932205523
ou_vwap_fast,wf_2025,2025-09-05 00:00:00+00:00,0,0,0.0132347314233,0.00441157714111
ou_vwap_fast,wf_2025,2025-09-08 00:00:00+00:00,0,0,0,0
ou_vwap_fast,wf_2025,2025-09-09 00:00:00+00:00,0,0,0,0
ou_vwap_fast,wf_2025,2025-09-10 00:00:00+00:00,0,0,0,0
ou_vwap_fast,wf_2025,2025-09-11 00:00:00+00:00,0,0,0,0
ou_vwap_fast,wf_2025,2025-09-12 00:00:00+00:00,0,0,0,0
ou_vwap_fast,wf_2025,2025-09-15 00:00:00+00:00,0,0,0,0
ou_vwap_fast,wf_2025,2025-09-16 00:00:00+00:00,0,0,0,0
ou_vwap_fast,wf_2025,2025-09-17 00:00:00+00:00,0.00869445717135,0,0.0162807909187,0.00832508269669
ou_vwap_fast,wf_2025,2025-09-18 00:00:00+00:00,-0.00199974082737,-0.00453990231488,-0.00806870192085,-0.00486944835437
ou_vwap_fast,wf_2025,2025-09-19 00:00:00+00:00,0,0,0,0
ou_vwap_fast,wf_2025,2025-09-22 00:00:00+00:00,0,0,0,0
ou_vwap_fast,wf_2025,2025-09-23 00:00:00+00:00,-0.00400426783346,0.000119230788972,0,-0.00129501234816
ou_vwap_fast,wf_2025,2025-09-24 00:00:00+00:00,0,0,0,0
ou_vwap_fast,wf_2025,2025-09-25 00:00:00+00:00,0,0,0,0
ou_vwap_fast,wf_2025,2025-09-26 00:00:00+00:00,-0.0004290244833,0,0,-0.0001430081611
ou_vwap_fast,wf_2025,2025-09-29 00:00:00+00:00,0.00178860997223,0.00296083101575,0,0.00158314699599
ou_vwap_fast,wf_2025,2025-09-30 00:00:00+00:00,0,0,0,0
ou_vwap_fast,wf_2025,2025-10-01 00:00:00+00:00,0,0,0,0
ou_vwap_fast,wf_2025,2025-10-02 00:00:00+00:00,0,0,0,0
ou_vwap_fast,wf_2025,2025-10-03 00:00:00+00:00,0,-0.000582416752402,-0.00586476161151,-0.00214905945464
ou_vwap_fast,wf_2025,2025-10-06 00:00:00+00:00,0,-0.0001,0,-3.33333333333e-05
ou_vwap_fast,wf_2025,2025-10-07 00:00:00+00:00,0,0,-0.00786431299791,-0.00262143766597
ou_vwap_fast,wf_2025,2025-10-08 00:00:00+00:00,0,0,0,0
ou_vwap_fast,wf_2025,2025-10-09 00:00:00+00:00,0,0,0,0
ou_vwap_fast,wf_2025,2025-10-10 00:00:00+00:00,0,0,0,0
ou_vwap_fast,wf_2025,2025-10-13 00:00:00+00:00,0,0,0,0
ou_vwap_fast,wf_2025,2025-10-14 00:00:00+00:00,0,0,0,0
ou_vwap_fast,wf_2025,2025-10-15 00:00:00+00:00,0,0,0,0
ou_vwap_fast,wf_2025,2025-10-16 00:00:00+00:00,0.00328413884991,0.004740536974,0.000599119066063,0.00287459829666
ou_vwap_fast,wf_2025,2025-10-17 00:00:00+00:00,-0.0001,-0.0001,-0.0001,-0.0001
ou_vwap_fast,wf_2025,2025-10-20 00:00:00+00:00,0,-0.00420916894278,0,-0.00140305631426
ou_vwap_fast,wf_2025,2025-10-21 00:00:00+00:00,0,0,0,0
ou_vwap_fast,wf_2025,2025-10-22 00:00:00+00:00,0.00460976670619,0.00644453172126,0,0.00368476614248
ou_vwap_fast,wf_2025,2025-10-23 00:00:00+00:00,0,0,0,0
ou_vwap_fast,wf_2025,2025-10-24 00:00:00+00:00,0,0,0,0
ou_vwap_fast,wf_2025,2025-10-27 00:00:00+00:00,0,0,0,0
ou_vwap_fast,wf_2025,2025-10-28 00:00:00+00:00,0,0,0,0
ou_vwap_fast,wf_2025,2025-10-29 00:00:00+00:00,-0.00118436602071,0.00181340564201,0.0029704061685,0.00119981526327
ou_vwap_fast,wf_2025,2025-10-30 00:00:00+00:00,-0.000240509890439,0.000131599467171,-0.0001,-6.9636807756e-05
ou_vwap_fast,wf_2025,2025-10-31 00:00:00+00:00,0,0,0.00668620324508,0.00222873441503
ou_vwap_fast,wf_2025,2025-11-03 00:00:00+00:00,0,0,0.00768691323393,0.00256230441131
ou_vwap_fast,wf_2025,2025-11-04 00:00:00+00:00,-0.00326734472547,-0.00732243010951,0,-0.00352992494499
ou_vwap_fast,wf_2025,2025-11-05 00:00:00+00:00,0.00216511692709,0,-0.00855034194878,-0.00212840834056
ou_vwap_fast,wf_2025,2025-11-06 00:00:00+00:00,0.00219328260741,0,-0.00161911414146,0.00019138948865
ou_vwap_fast,wf_2025,2025-11-07 00:00:00+00:00,0,0,0,0
ou_vwap_fast,wf_2025,2025-11-10 00:00:00+00:00,0,0,0,0
ou_vwap_fast,wf_2025,2025-11-11 00:00:00+00:00,0,0,0,0
ou_vwap_fast,wf_2025,2025-11-12 00:00:00+00:00,0,0,0,0
ou_vwap_fast,wf_2025,2025-11-13 00:00:00+00:00,0,0,-0.00391825095455,-0.00130608365152
ou_vwap_fast,wf_2025,2025-11-14 00:00:00+00:00,0,0,0,0
ou_vwap_fast,wf_2025,2025-11-17 00:00:00+00:00,0,0,0,0
ou_vwap_fast,wf_2025,2025-11-18 00:00:00+00:00,0,0,0,0
ou_vwap_fast,wf_2025,2025-11-19 00:00:00+00:00,0,0,0,0
ou_vwap_fast,wf_2025,2025-11-20 00:00:00+00:00,-0.00197915699233,-0.00209403826324,-0.00132040788117,-0.00179786771225
ou_vwap_fast,wf_2025,2025-11-21 00:00:00+00:00,0,0,0,0
ou_vwap_fast,wf_2025,2025-11-24 00:00:00+00:00,0,0,0,0
ou_vwap_fast,wf_2025,2025-11-25 00:00:00+00:00,0,0,0,0
ou_vwap_fast,wf_2025,2025-11-26 00:00:00+00:00,0,0,0,0
ou_vwap_fast,wf_2025,2025-11-28 00:00:00+00:00,0,0,0.00262153070051,0.000873843566837
ou_vwap_fast,wf_2025,2025-12-01 00:00:00+00:00,0.0012845085565,0.00907560733788,-0.00226217293245,0.00269931432065
ou_vwap_fast,wf_2025,2025-12-02 00:00:00+00:00,0,0,0,0
ou_vwap_fast,wf_2025,2025-12-03 00:00:00+00:00,0,0.00544025977744,0,0.00181341992581
ou_vwap_fast,wf_2025,2025-12-04 00:00:00+00:00,0.0031516941744,0.00101153601158,0,0.00138774339532
ou_vwap_fast,wf_2025,2025-12-05 00:00:00+00:00,0.00189826719962,0.00299215887774,0,0.00163014202578
ou_vwap_fast,wf_2025,2025-12-08 00:00:00+00:00,0,0,0,0
ou_vwap_fast,wf_2025,2025-12-09 00:00:00+00:00,0,0,0,0
ou_vwap_fast,wf_2025,2025-12-10 00:00:00+00:00,0,0,-0.00546577024314,-0.00182192341438
ou_vwap_fast,wf_2025,2025-12-11 00:00:00+00:00,0,0.00516129746731,-0.00667092538364,-0.000503209305446
ou_vwap_fast,wf_2025,2025-12-12 00:00:00+00:00,-0.0030992083582,-0.00190941407864,-0.00570316419534,-0.00357059554406
ou_vwap_fast,wf_2025,2025-12-15 00:00:00+00:00,0,0,-0.0001,-3.33333333333e-05
ou_vwap_fast,wf_2025,2025-12-16 00:00:00+00:00,0,0.00176667976617,0,0.000588893255391
ou_vwap_fast,wf_2025,2025-12-17 00:00:00+00:00,0,-0.0001,0,-3.33333333333e-05
ou_vwap_fast,wf_2025,2025-12-18 00:00:00+00:00,-0.000328609332918,-0.00204617969286,-0.00309487117737,-0.00182322006771
ou_vwap_fast,wf_2025,2025-12-19 00:00:00+00:00,0,0,0,0
ou_vwap_fast,wf_2025,2025-12-22 00:00:00+00:00,0,0,0,0
ou_vwap_fast,wf_2025,2025-12-23 00:00:00+00:00,0,0,0,0
ou_vwap_fast,wf_2025,2025-12-24 00:00:00+00:00,0,0,0,0
ou_vwap_fast,wf_2025,2025-12-26 00:00:00+00:00,0.000278726733679,0,0,9.29089112264e-05
ou_vwap_fast,wf_2025,2025-12-29 00:00:00+00:00,-0.00343894115045,-0.00240707267523,0,-0.00194867127523
ou_vwap_fast,wf_2025,2025-12-30 00:00:00+00:00,0,0,0,0
ou_vwap_fast,wf_2025,2025-12-31 00:00:00+00:00,-0.001395638456,0,-0.00117343124722,-0.000856356567738
ou_vwap_base,wf_2022,2022-01-03 00:00:00+00:00,0,0,0,0
ou_vwap_base,wf_2022,2022-01-04 00:00:00+00:00,0.00508855249356,0.0035498101202,0,0.00287945420459
ou_vwap_base,wf_2022,2022-01-05 00:00:00+00:00,-0.0117610094224,0,0,-0.00392033647413
ou_vwap_base,wf_2022,2022-01-06 00:00:00+00:00,-0.0001,0,0,-3.33333333333e-05
ou_vwap_base,wf_2022,2022-01-07 00:00:00+00:00,0,0,0,0
ou_vwap_base,wf_2022,2022-01-10 00:00:00+00:00,-0.00725529376112,-0.00745369058174,0,-0.00490299478096
ou_vwap_base,wf_2022,2022-01-11 00:00:00+00:00,0,0,0,0
ou_vwap_base,wf_2022,2022-01-12 00:00:00+00:00,0,0,0,0
ou_vwap_base,wf_2022,2022-01-13 00:00:00+00:00,0,0,0,0
ou_vwap_base,wf_2022,2022-01-14 00:00:00+00:00,0,0,0,0
ou_vwap_base,wf_2022,2022-01-18 00:00:00+00:00,0,0,0,0
ou_vwap_base,wf_2022,2022-01-19 00:00:00+00:00,0,0,0,0
ou_vwap_base,wf_2022,2022-01-20 00:00:00+00:00,0,0,0,0
ou_vwap_base,wf_2022,2022-01-21 00:00:00+00:00,0.00265225896051,0.005212449062,0,0.00262156934083
ou_vwap_base,wf_2022,2022-01-24 00:00:00+00:00,-0.00634648211261,-0.00396565209247,-0.00407176683246,-0.00479463367918
ou_vwap_base,wf_2022,2022-01-25 00:00:00+00:00,0,0,0,0
ou_vwap_base,wf_2022,2022-01-26 00:00:00+00:00,0,0,0,0
ou_vwap_base,wf_2022,2022-01-27 00:00:00+00:00,0,0,0,0
ou_vwap_base,wf_2022,2022-01-28 00:00:00+00:00,0,0,0,0
ou_vwap_base,wf_2022,2022-01-31 00:00:00+00:00,0,0,0,0
ou_vwap_base,wf_2022,2022-02-01 00:00:00+00:00,0,0,0,0
ou_vwap_base,wf_2022,2022-02-02 00:00:00+00:00,0,0,0,0
ou_vwap_base,wf_2022,2022-02-03 00:00:00+00:00,0,0,0,0
ou_vwap_base,wf_2022,2022-02-04 00:00:00+00:00,0,0,0,0
ou_vwap_base,wf_2022,2022-02-07 00:00:00+00:00,0,0,0,0
ou_vwap_base,wf_2022,2022-02-08 00:00:00+00:00,0,0,0,0
ou_vwap_base,wf_2022,2022-02-09 00:00:00+00:00,9.99692062429e-05,0,-0.00174268759878,-0.000547572797513
ou_vwap_base,wf_2022,2022-02-10 00:00:00+00:00,0.00222321077211,0.00243456221198,-0.00139735341126,0.00108680652428
ou_vwap_base,wf_2022,2022-02-11 00:00:00+00:00,-0.0001,-0.0001,-0.0001,-0.0001
ou_vwap_base,wf_2022,2022-02-14 00:00:00+00:00,0,0,0,0
ou_vwap_base,wf_2022,2022-02-15 00:00:00+00:00,0,0,0,0
ou_vwap_base,wf_2022,2022-02-16 00:00:00+00:00,0,0,0,0
ou_vwap_base,wf_2022,2022-02-17 00:00:00+00:00,0,0,0,0
ou_vwap_base,wf_2022,2022-02-18 00:00:00+00:00,0,0,0,0
ou_vwap_base,wf_2022,2022-02-22 00:00:00+00:00,0,0,0,0
ou_vwap_base,wf_2022,2022-02-23 00:00:00+00:00,0,0,0,0
ou_vwap_base,wf_2022,2022-02-24 00:00:00+00:00,-0.00427723134871,-0.00493786796712,-0.00993456091282,-0.00638322007622
ou_vwap_base,wf_2022,2022-02-25 00:00:00+00:00,-0.00650942646866,0,-0.00755974812181,-0.00468972486349
ou_vwap_base,wf_2022,2022-02-28 00:00:00+00:00,0,0,0,0
ou_vwap_base,wf_2022,2022-03-01 00:00:00+00:00,0,0,0,0
ou_vwap_base,wf_2022,2022-03-02 00:00:00+00:00,0,0,0,0
ou_vwap_base,wf_2022,2022-03-03 00:00:00+00:00,0,0,0,0
ou_vwap_base,wf_2022,2022-03-04 00:00:00+00:00,0,0,0,0
ou_vwap_base,wf_2022,2022-03-07 00:00:00+00:00,0,0,0,0
ou_vwap_base,wf_2022,2022-03-08 00:00:00+00:00,0,0,0,0
ou_vwap_base,wf_2022,2022-03-09 00:00:00+00:00,0,0,0,0
ou_vwap_base,wf_2022,2022-03-10 00:00:00+00:00,0,0,0,0
ou_vwap_base,wf_2022,2022-03-11 00:00:00+00:00,0,0,0,0
ou_vwap_base,wf_2022,2022-03-14 00:00:00+00:00,0,0,0,0
ou_vwap_base,wf_2022,2022-03-15 00:00:00+00:00,0,0,0,0
ou_vwap_base,wf_2022,2022-03-16 00:00:00+00:00,0,0,0,0
ou_vwap_base,wf_2022,2022-03-17 00:00:00+00:00,0,0,0,0
ou_vwap_base,wf_2022,2022-03-18 00:00:00+00:00,0,0,0,0
ou_vwap_base,wf_2022,2022-03-21 00:00:00+00:00,0.00698224319105,0,0,0.00232741439702
ou_vwap_base,wf_2022,2022-03-22 00:00:00+00:00,-0.0001,0,0,-3.33333333333e-05
ou_vwap_base,wf_2022,2022-03-23 00:00:00+00:00,0,0,0,0
ou_vwap_base,wf_2022,2022-03-24 00:00:00+00:00,0,0,0,0
ou_vwap_base,wf_2022,2022-03-25 00:00:00+00:00,0,0,0,0
ou_vwap_base,wf_2022,2022-03-28 00:00:00+00:00,0,0,0,0
ou_vwap_base,wf_2022,2022-03-29 00:00:00+00:00,0,0,-0.0157282232632,-0.00524274108773
ou_vwap_base,wf_2022,2022-03-30 00:00:00+00:00,0.00175102271591,0,-0.0001,0.000550340905303
ou_vwap_base,wf_2022,2022-03-31 00:00:00+00:00,-0.0001,0,0,-3.33333333333e-05
ou_vwap_base,wf_2022,2022-04-01 00:00:00+00:00,0,0,0,0
ou_vwap_base,wf_2022,2022-04-04 00:00:00+00:00,0,0,0,0
ou_vwap_base,wf_2022,2022-04-05 00:00:00+00:00,0,0,0,0
ou_vwap_base,wf_2022,2022-04-06 00:00:00+00:00,0,0,0,0
ou_vwap_base,wf_2022,2022-04-07 00:00:00+00:00,0,0,0,0
ou_vwap_base,wf_2022,2022-04-08 00:00:00+00:00,0,0,0,0
ou_vwap_base,wf_2022,2022-04-11 00:00:00+00:00,0,0,0,0
ou_vwap_base,wf_2022,2022-04-12 00:00:00+00:00,0,0,-0.00513435521146,-0.00171145173715
ou_vwap_base,wf_2022,2022-04-13 00:00:00+00:00,0,0,0,0
ou_vwap_base,wf_2022,2022-04-14 00:00:00+00:00,0,0,0,0
ou_vwap_base,wf_2022,2022-04-18 00:00:00+00:00,0,0,0,0
ou_vwap_base,wf_2022,2022-04-19 00:00:00+00:00,0,0,0,0
ou_vwap_base,wf_2022,2022-04-20 00:00:00+00:00,0,0,0,0
ou_vwap_base,wf_2022,2022-04-21 00:00:00+00:00,0,0,0,0
ou_vwap_base,wf_2022,2022-04-22 00:00:00+00:00,0,0,0,0
ou_vwap_base,wf_2022,2022-04-25 00:00:00+00:00,0,0,0,0
ou_vwap_base,wf_2022,2022-04-26 00:00:00+00:00,0,0,0,0
ou_vwap_base,wf_2022,2022-04-27 00:00:00+00:00,0,0,0,0
ou_vwap_base,wf_2022,2022-04-28 00:00:00+00:00,0,0,0,0
ou_vwap_base,wf_2022,2022-04-29 00:00:00+00:00,0,0,0,0
ou_vwap_base,wf_2022,2022-05-02 00:00:00+00:00,0,0,0,0
ou_vwap_base,wf_2022,2022-05-03 00:00:00+00:00,0,0,0,0
ou_vwap_base,wf_2022,2022-05-04 00:00:00+00:00,0,0,0,0
ou_vwap_base,wf_2022,2022-05-05 00:00:00+00:00,0,0,0,0
ou_vwap_base,wf_2022,2022-05-06 00:00:00+00:00,0,0,0,0
ou_vwap_base,wf_2022,2022-05-09 00:00:00+00:00,0,0,0,0
ou_vwap_base,wf_2022,2022-05-10 00:00:00+00:00,0,0,0,0
ou_vwap_base,wf_2022,2022-05-11 00:00:00+00:00,0,0,0,0
ou_vwap_base,wf_2022,2022-05-12 00:00:00+00:00,0,0,0,0
ou_vwap_base,wf_2022,2022-05-13 00:00:00+00:00,0,0,0,0
ou_vwap_base,wf_2022,2022-05-16 00:00:00+00:00,0,0,0,0
ou_vwap_base,wf_2022,2022-05-17 00:00:00+00:00,0,0,0,0
ou_vwap_base,wf_2022,2022-05-18 00:00:00+00:00,0,0,0,0
ou_vwap_base,wf_2022,2022-05-19 00:00:00+00:00,0,0,0,0
ou_vwap_base,wf_2022,2022-05-20 00:00:00+00:00,0,0,0,0
ou_vwap_base,wf_2022,2022-05-23 00:00:00+00:00,0,0,0,0
ou_vwap_base,wf_2022,2022-05-24 00:00:00+00:00,0,0,0,0
ou_vwap_base,wf_2022,2022-05-25 00:00:00+00:00,0,0,0,0
ou_vwap_base,wf_2022,2022-05-26 00:00:00+00:00,0,0,0,0
ou_vwap_base,wf_2022,2022-05-27 00:00:00+00:00,0,0,0,0
ou_vwap_base,wf_2022,2022-05-31 00:00:00+00:00,0,0,0,0
ou_vwap_base,wf_2022,2022-06-01 00:00:00+00:00,-0.000948892384628,-0.000435474554749,0,-0.000461455646459
ou_vwap_base,wf_2022,2022-06-02 00:00:00+00:00,0,0,0,0
ou_vwap_base,wf_2022,2022-06-03 00:00:00+00:00,0,0,0,0
ou_vwap_base,wf_2022,2022-06-06 00:00:00+00:00,0,0,0,0
ou_vwap_base,wf_2022,2022-06-07 00:00:00+00:00,0,0,0,0
ou_vwap_base,wf_2022,2022-06-08 00:00:00+00:00,0,0,-0.000324339419177,-0.000108113139726
ou_vwap_base,wf_2022,2022-06-09 00:00:00+00:00,-0.00511549288378,0,-0.0001,-0.00173849762793
ou_vwap_base,wf_2022,2022-06-10 00:00:00+00:00,-0.0001,0,-0.0131916966708,-0.00443056555695
ou_vwap_base,wf_2022,2022-06-13 00:00:00+00:00,0,0,0,0
ou_vwap_base,wf_2022,2022-06-14 00:00:00+00:00,0,0,0,0
ou_vwap_base,wf_2022,2022-06-15 00:00:00+00:00,0,0,0,0
ou_vwap_base,wf_2022,2022-06-16 00:00:00+00:00,0,0,0,0
ou_vwap_base,wf_2022,2022-06-17 00:00:00+00:00,0,0,0,0
ou_vwap_base,wf_2022,2022-06-21 00:00:00+00:00,0,0,0,0
ou_vwap_base,wf_2022,2022-06-22 00:00:00+00:00,0,0,0,0
ou_vwap_base,wf_2022,2022-06-23 00:00:00+00:00,0,0,0,0
ou_vwap_base,wf_2022,2022-06-24 00:00:00+00:00,0,0,0,0
ou_vwap_base,wf_2022,2022-06-27 00:00:00+00:00,0,0,0,0
ou_vwap_base,wf_2022,2022-06-28 00:00:00+00:00,0,0,0,0
ou_vwap_base,wf_2022,2022-06-29 00:00:00+00:00,0,0,0,0
ou_vwap_base,wf_2022,2022-06-30 00:00:00+00:00,0,0,0,0
ou_vwap_base,wf_2022,2022-07-01 00:00:00+00:00,0,0,0,0
ou_vwap_base,wf_2022,2022-07-05 00:00:00+00:00,0,0,0,0
ou_vwap_base,wf_2022,2022-07-06 00:00:00+00:00,0,0,0,0
ou_vwap_base,wf_2022,2022-07-07 00:00:00+00:00,0,0,0,0
ou_vwap_base,wf_2022,2022-07-08 00:00:00+00:00,0,0,0,0
ou_vwap_base,wf_2022,2022-07-11 00:00:00+00:00,-0.000967916720553,-0.00158975636572,0,-0.000852557695424
ou_vwap_base,wf_2022,2022-07-12 00:00:00+00:00,0,-0.0001,0,-3.33333333333e-05
ou_vwap_base,wf_2022,2022-07-13 00:00:00+00:00,0,0,0,0
ou_vwap_base,wf_2022,2022-07-14 00:00:00+00:00,-0.000993999088459,0,0,-0.000331333029486
ou_vwap_base,wf_2022,2022-07-15 00:00:00+00:00,0,0,0,0
ou_vwap_base,wf_2022,2022-07-18 00:00:00+00:00,0,0,0,0
ou_vwap_base,wf_2022,2022-07-19 00:00:00+00:00,0,0,0,0
ou_vwap_base,wf_2022,2022-07-20 00:00:00+00:00,0,0,0,0
ou_vwap_base,wf_2022,2022-07-21 00:00:00+00:00,0,0,0,0
ou_vwap_base,wf_2022,2022-07-22 00:00:00+00:00,0,0,0,0
ou_vwap_base,wf_2022,2022-07-25 00:00:00+00:00,0,0,0,0
ou_vwap_base,wf_2022,2022-07-26 00:00:00+00:00,0,0,0,0
ou_vwap_base,wf_2022,2022-07-27 00:00:00+00:00,0,0,-0.00341923514155,-0.00113974504718
ou_vwap_base,wf_2022,2022-07-28 00:00:00+00:00,0,0,-0.0001,-3.33333333333e-05
ou_vwap_base,wf_2022,2022-07-29 00:00:00+00:00,0,0,0,0
ou_vwap_base,wf_2022,2022-08-01 00:00:00+00:00,0,0,0,0
ou_vwap_base,wf_2022,2022-08-02 00:00:00+00:00,0,0,0,0
ou_vwap_base,wf_2022,2022-08-03 00:00:00+00:00,0,0,0,0
ou_vwap_base,wf_2022,2022-08-04 00:00:00+00:00,0,0,0,0
ou_vwap_base,wf_2022,2022-08-05 00:00:00+00:00,0,0.0102449330736,0.0187014778652,0.00964880364625
ou_vwap_base,wf_2022,2022-08-08 00:00:00+00:00,0.000938422436527,-0.0001,0.00482198616897,0.0018868028685
ou_vwap_base,wf_2022,2022-08-09 00:00:00+00:00,0,0,0,0
ou_vwap_base,wf_2022,2022-08-10 00:00:00+00:00,-0.00413975460613,0,0,-0.00137991820204
ou_vwap_base,wf_2022,2022-08-11 00:00:00+00:00,-0.0001,0,0,-3.33333333333e-05
ou_vwap_base,wf_2022,2022-08-12 00:00:00+00:00,0,0,0,0
ou_vwap_base,wf_2022,2022-08-15 00:00:00+00:00,0,0,0,0
ou_vwap_base,wf_2022,2022-08-16 00:00:00+00:00,0,0,0,0
ou_vwap_base,wf_2022,2022-08-17 00:00:00+00:00,0,0,0,0
ou_vwap_base,wf_2022,2022-08-18 00:00:00+00:00,0,0,0,0
ou_vwap_base,wf_2022,2022-08-19 00:00:00+00:00,0,0,0,0
ou_vwap_base,wf_2022,2022-08-22 00:00:00+00:00,0,0,0,0
ou_vwap_base,wf_2022,2022-08-23 00:00:00+00:00,0,0,0,0
ou_vwap_base,wf_2022,2022-08-24 00:00:00+00:00,0,0,0,0
ou_vwap_base,wf_2022,2022-08-25 00:00:00+00:00,0,0,0,0
ou_vwap_base,wf_2022,2022-08-26 00:00:00+00:00,0,0,0,0
ou_vwap_base,wf_2022,2022-08-29 00:00:00+00:00,0,0,0,0
ou_vwap_base,wf_2022,2022-08-30 00:00:00+00:00,0,0,0,0
ou_vwap_base,wf_2022,2022-08-31 00:00:00+00:00,0,0,0,0
ou_vwap_base,wf_2022,2022-09-01 00:00:00+00:00,0,0,0,0
ou_vwap_base,wf_2022,2022-09-02 00:00:00+00:00,0,0,0,0
ou_vwap_base,wf_2022,2022-09-06 00:00:00+00:00,0,0,0,0
ou_vwap_base,wf_2022,2022-09-07 00:00:00+00:00,0,0,0,0
ou_vwap_base,wf_2022,2022-09-08 00:00:00+00:00,0,0,0,0
ou_vwap_base,wf_2022,2022-09-09 00:00:00+00:00,0,0,0,0
ou_vwap_base,wf_2022,2022-09-12 00:00:00+00:00,0,0,0,0
ou_vwap_base,wf_2022,2022-09-13 00:00:00+00:00,-0.00395585285936,-0.0040872181499,-0.000484383224565,-0.00284248474461
ou_vwap_base,wf_2022,2022-09-14 00:00:00+00:00,0,0,0,0
ou_vwap_base,wf_2022,2022-09-15 00:00:00+00:00,0,0,0,0
ou_vwap_base,wf_2022,2022-09-16 00:00:00+00:00,0,0,0,0
ou_vwap_base,wf_2022,2022-09-19 00:00:00+00:00,0,0,0,0
ou_vwap_base,wf_2022,2022-09-20 00:00:00+00:00,0,0,0,0
ou_vwap_base,wf_2022,2022-09-21 00:00:00+00:00,0,0,0,0
ou_vwap_base,wf_2022,2022-09-22 00:00:00+00:00,0.00450289073179,-0.00337615114082,-0.011576089909,-0.00348311677268
ou_vwap_base,wf_2022,2022-09-23 00:00:00+00:00,-0.00785716154211,-0.0001,-0.0001,-0.00268572051404
ou_vwap_base,wf_2022,2022-09-26 00:00:00+00:00,0,0,0,0
ou_vwap_base,wf_2022,2022-09-27 00:00:00+00:00,0,0,0,0
ou_vwap_base,wf_2022,2022-09-28 00:00:00+00:00,-0.000755008225003,0,0,-0.000251669408334
ou_vwap_base,wf_2022,2022-09-29 00:00:00+00:00,0,0,0,0
ou_vwap_base,wf_2022,2022-09-30 00:00:00+00:00,0,0,0,0
ou_vwap_base,wf_2022,2022-10-03 00:00:00+00:00,0,0,0,0
ou_vwap_base,wf_2022,2022-10-04 00:00:00+00:00,0,0,0,0
ou_vwap_base,wf_2022,2022-10-05 00:00:00+00:00,0,0,0,0
ou_vwap_base,wf_2022,2022-10-06 00:00:00+00:00,0,0,0,0
ou_vwap_base,wf_2022,2022-10-07 00:00:00+00:00,0,-0.0045773117092,0,-0.00152577056973
ou_vwap_base,wf_2022,2022-10-10 00:00:00+00:00,0,0,0,0
ou_vwap_base,wf_2022,2022-10-11 00:00:00+00:00,0,0,0,0
ou_vwap_base,wf_2022,2022-10-12 00:00:00+00:00,0,0,0,0
ou_vwap_base,wf_2022,2022-10-13 00:00:00+00:00,-0.00760665666667,-0.00751843463385,0,-0.00504169710017
ou_vwap_base,wf_2022,2022-10-14 00:00:00+00:00,0,0,0,0
ou_vwap_base,wf_2022,2022-10-17 00:00:00+00:00,0,0,0,0
ou_vwap_base,wf_2022,2022-10-18 00:00:00+00:00,0,0,0,0
ou_vwap_base,wf_2022,2022-10-19 00:00:00+00:00,0,0,0,0
ou_vwap_base,wf_2022,2022-10-20 00:00:00+00:00,0,0,0,0
ou_vwap_base,wf_2022,2022-10-21 00:00:00+00:00,0,0,0,0
ou_vwap_base,wf_2022,2022-10-24 00:00:00+00:00,0,0,0,0
ou_vwap_base,wf_2022,2022-10-25 00:00:00+00:00,0,0,0,0
ou_vwap_base,wf_2022,2022-10-26 00:00:00+00:00,0,0,0,0
ou_vwap_base,wf_2022,2022-10-27 00:00:00+00:00,0,0,0,0
ou_vwap_base,wf_2022,2022-10-28 00:00:00+00:00,0,0,0,0
ou_vwap_base,wf_2022,2022-10-31 00:00:00+00:00,0,0,0,0
ou_vwap_base,wf_2022,2022-11-01 00:00:00+00:00,0,0,0,0
ou_vwap_base,wf_2022,2022-11-02 00:00:00+00:00,-0.00597850089523,0,0.0112502494594,0.00175724952139
ou_vwap_base,wf_2022,2022-11-03 00:00:00+00:00,-0.0001,0,0.00451016915815,0.00147005638605
ou_vwap_base,wf_2022,2022-11-04 00:00:00+00:00,0,0,-0.0001,-3.33333333333e-05
ou_vwap_base,wf_2022,2022-11-07 00:00:00+00:00,0,0,0,0
ou_vwap_base,wf_2022,2022-11-08 00:00:00+00:00,0,0,0,0
ou_vwap_base,wf_2022,2022-11-09 00:00:00+00:00,0,0,0,0
ou_vwap_base,wf_2022,2022-11-10 00:00:00+00:00,0.00222577419214,0.0024458313892,-0.00950797355415,-0.0016121226576
ou_vwap_base,wf_2022,2022-11-11 00:00:00+00:00,0,0,0,0
ou_vwap_base,wf_2022,2022-11-14 00:00:00+00:00,0,0,0,0
ou_vwap_base,wf_2022,2022-11-15 00:00:00+00:00,0,0,0,0
ou_vwap_base,wf_2022,2022-11-16 00:00:00+00:00,0,0,0,0
ou_vwap_base,wf_2022,2022-11-17 00:00:00+00:00,0,0,0,0
ou_vwap_base,wf_2022,2022-11-18 00:00:00+00:00,0,0,0,0
ou_vwap_base,wf_2022,2022-11-21 00:00:00+00:00,0,0,0,0
ou_vwap_base,wf_2022,2022-11-22 00:00:00+00:00,0,0,0,0
ou_vwap_base,wf_2022,2022-11-23 00:00:00+00:00,0,0,0,0
ou_vwap_base,wf_2022,2022-11-25 00:00:00+00:00,0,0,0,0
ou_vwap_base,wf_2022,2022-11-28 00:00:00+00:00,0,0,0,0
ou_vwap_base,wf_2022,2022-11-29 00:00:00+00:00,0,0,0,0
ou_vwap_base,wf_2022,2022-11-30 00:00:00+00:00,0,0,0,0
ou_vwap_base,wf_2022,2022-12-01 00:00:00+00:00,0,0,0,0
ou_vwap_base,wf_2022,2022-12-02 00:00:00+00:00,0,0,0,0
ou_vwap_base,wf_2022,2022-12-05 00:00:00+00:00,0,0,0,0
ou_vwap_base,wf_2022,2022-12-06 00:00:00+00:00,0,0,0,0
ou_vwap_base,wf_2022,2022-12-07 00:00:00+00:00,0,0,0,0
ou_vwap_base,wf_2022,2022-12-08 00:00:00+00:00,-0.00221320381721,0,0,-0.000737734605738
ou_vwap_base,wf_2022,2022-12-09 00:00:00+00:00,0,0,0,0
ou_vwap_base,wf_2022,2022-12-12 00:00:00+00:00,0,0,0,0
ou_vwap_base,wf_2022,2022-12-13 00:00:00+00:00,0,0.0164720659403,0.02145354626,0.0126418707334
ou_vwap_base,wf_2022,2022-12-14 00:00:00+00:00,0,0,0,0
ou_vwap_base,wf_2022,2022-12-15 00:00:00+00:00,-0.0074016271037,-0.00884778274347,-0.013967081177,-0.0100721636747
ou_vwap_base,wf_2022,2022-12-16 00:00:00+00:00,0,0,-0.0001,-3.33333333333e-05
ou_vwap_base,wf_2022,2022-12-19 00:00:00+00:00,0,0,0,0
ou_vwap_base,wf_2022,2022-12-20 00:00:00+00:00,0,0,0,0
ou_vwap_base,wf_2022,2022-12-21 00:00:00+00:00,0,0,0,0
ou_vwap_base,wf_2022,2022-12-22 00:00:00+00:00,0,0,0,0
ou_vwap_base,wf_2022,2022-12-23 00:00:00+00:00,0,0,0,0
ou_vwap_base,wf_2022,2022-12-27 00:00:00+00:00,0,0,0,0
ou_vwap_base,wf_2022,2022-12-28 00:00:00+00:00,0,0,0,0
ou_vwap_base,wf_2022,2022-12-29 00:00:00+00:00,0,0,0,0
ou_vwap_base,wf_2022,2022-12-30 00:00:00+00:00,0,0,0,0
ou_vwap_base,wf_2023,2023-01-03 00:00:00+00:00,0,0,0,0
ou_vwap_base,wf_2023,2023-01-04 00:00:00+00:00,0,0,0,0
ou_vwap_base,wf_2023,2023-01-05 00:00:00+00:00,0,0,0,0
ou_vwap_base,wf_2023,2023-01-06 00:00:00+00:00,0,-0.00490907804696,0,-0.00163635934899
ou_vwap_base,wf_2023,2023-01-09 00:00:00+00:00,0,-0.0001,0,-3.33333333333e-05
ou_vwap_base,wf_2023,2023-01-10 00:00:00+00:00,0,0,0,0
ou_vwap_base,wf_2023,2023-01-11 00:00:00+00:00,0,0,0,0
ou_vwap_base,wf_2023,2023-01-12 00:00:00+00:00,0,0,0,0
ou_vwap_base,wf_2023,2023-01-13 00:00:00+00:00,0,0,0,0
ou_vwap_base,wf_2023,2023-01-17 00:00:00+00:00,0,0,0,0
ou_vwap_base,wf_2023,2023-01-18 00:00:00+00:00,-0.0118982108759,-0.0100614437154,-0.0134437775687,-0.0118011440533
ou_vwap_base,wf_2023,2023-01-19 00:00:00+00:00,-0.0001,0.000994812672785,0,0.000298270890928
ou_vwap_base,wf_2023,2023-01-20 00:00:00+00:00,0,0,0,0
ou_vwap_base,wf_2023,2023-01-23 00:00:00+00:00,0,0,0,0
ou_vwap_base,wf_2023,2023-01-24 00:00:00+00:00,0,0,0,0
ou_vwap_base,wf_2023,2023-01-25 00:00:00+00:00,0,0,0,0
ou_vwap_base,wf_2023,2023-01-26 00:00:00+00:00,0,0,0,0
ou_vwap_base,wf_2023,2023-01-27 00:00:00+00:00,0,0,0,0
ou_vwap_base,wf_2023,2023-01-30 00:00:00+00:00,0,0,0,0
ou_vwap_base,wf_2023,2023-01-31 00:00:00+00:00,0,0,0,0
ou_vwap_base,wf_2023,2023-02-01 00:00:00+00:00,0,0,0.0062392286384,0.00207974287947
ou_vwap_base,wf_2023,2023-02-02 00:00:00+00:00,-0.0063298845615,0,0.000286720066689,-0.00201438816494
ou_vwap_base,wf_2023,2023-02-03 00:00:00+00:00,0,0,0,0
ou_vwap_base,wf_2023,2023-02-06 00:00:00+00:00,0,0,0,0
ou_vwap_base,wf_2023,2023-02-07 00:00:00+00:00,0,0,0,0
ou_vwap_base,wf_2023,2023-02-08 00:00:00+00:00,0,0,0,0
ou_vwap_base,wf_2023,2023-02-09 00:00:00+00:00,0,0,0,0
ou_vwap_base,wf_2023,2023-02-10 00:00:00+00:00,0,0,0,0
ou_vwap_base,wf_2023,2023-02-13 00:00:00+00:00,-0.00472591795828,0,0,-0.00157530598609
ou_vwap_base,wf_2023,2023-02-14 00:00:00+00:00,-0.0001,0,0,-3.33333333333e-05
ou_vwap_base,wf_2023,2023-02-15 00:00:00+00:00,0,0,0,0
ou_vwap_base,wf_2023,2023-02-16 00:00:00+00:00,0,0,0,0
ou_vwap_base,wf_2023,2023-02-17 00:00:00+00:00,-0.000870749110512,-0.00132180547855,0.00719688025852,0.00166810855649
ou_vwap_base,wf_2023,2023-02-21 00:00:00+00:00,0,0,-0.00327920228734,-0.00109306742911
ou_vwap_base,wf_2023,2023-02-22 00:00:00+00:00,0,0,0,0
ou_vwap_base,wf_2023,2023-02-23 00:00:00+00:00,0,0,0,0
ou_vwap_base,wf_2023,2023-02-24 00:00:00+00:00,0,0,0,0
ou_vwap_base,wf_2023,2023-02-27 00:00:00+00:00,0,0,0,0
ou_vwap_base,wf_2023,2023-02-28 00:00:00+00:00,0,0,0,0
ou_vwap_base,wf_2023,2023-03-01 00:00:00+00:00,0,0,0,0
ou_vwap_base,wf_2023,2023-03-02 00:00:00+00:00,0,0,0,0
ou_vwap_base,wf_2023,2023-03-03 00:00:00+00:00,0,0,0,0
ou_vwap_base,wf_2023,2023-03-06 00:00:00+00:00,0,0,0,0
ou_vwap_base,wf_2023,2023-03-07 00:00:00+00:00,0,0,0,0
ou_vwap_base,wf_2023,2023-03-08 00:00:00+00:00,0,0,0,0
ou_vwap_base,wf_2023,2023-03-09 00:00:00+00:00,0,0,0,0
ou_vwap_base,wf_2023,2023-03-10 00:00:00+00:00,0,0,0,0
ou_vwap_base,wf_2023,2023-03-13 00:00:00+00:00,0,0.00902125786736,0.0195747094497,0.00953198910568
ou_vwap_base,wf_2023,2023-03-14 00:00:00+00:00,0.00486888653329,-0.0001,0.0144913233333,0.00642006995554
ou_vwap_base,wf_2023,2023-03-15 00:00:00+00:00,0,0,0,0
ou_vwap_base,wf_2023,2023-03-16 00:00:00+00:00,0,0,0,0
ou_vwap_base,wf_2023,2023-03-17 00:00:00+00:00,0,0,0,0
ou_vwap_base,wf_2023,2023-03-20 00:00:00+00:00,0,-0.000502684248234,0,-0.000167561416078
ou_vwap_base,wf_2023,2023-03-21 00:00:00+00:00,0,0,0,0
ou_vwap_base,wf_2023,2023-03-22 00:00:00+00:00,0,0,0,0
ou_vwap_base,wf_2023,2023-03-23 00:00:00+00:00,0.00498783727092,0.00825703415239,0,0.0044149571411
ou_vwap_base,wf_2023,2023-03-24 00:00:00+00:00,-0.0001,-0.0001,0,-6.66666666667e-05
ou_vwap_base,wf_2023,2023-03-27 00:00:00+00:00,0,0,0,0
ou_vwap_base,wf_2023,2023-03-28 00:00:00+00:00,0,0,0,0
ou_vwap_base,wf_2023,2023-03-29 00:00:00+00:00,0,-0.00462168564148,0,-0.00154056188049
ou_vwap_base,wf_2023,2023-03-30 00:00:00+00:00,0,-0.0001,0,-3.33333333333e-05
ou_vwap_base,wf_2023,2023-03-31 00:00:00+00:00,0,0,0,0
ou_vwap_base,wf_2023,2023-04-03 00:00:00+00:00,0,0,0,0
ou_vwap_base,wf_2023,2023-04-04 00:00:00+00:00,0,0,0,0
ou_vwap_base,wf_2023,2023-04-05 00:00:00+00:00,0,0,0,0
ou_vwap_base,wf_2023,2023-04-06 00:00:00+00:00,0,0,0,0
ou_vwap_base,wf_2023,2023-04-10 00:00:00+00:00,0,0,0,0
ou_vwap_base,wf_2023,2023-04-11 00:00:00+00:00,0,0,0,0
ou_vwap_base,wf_2023,2023-04-12 00:00:00+00:00,0.00110146220507,0,0,0.000367154068356
ou_vwap_base,wf_2023,2023-04-13 00:00:00+00:00,-0.0001,0,0,-3.33333333333e-05
ou_vwap_base,wf_2023,2023-04-14 00:00:00+00:00,0,0,0,0
ou_vwap_base,wf_2023,2023-04-17 00:00:00+00:00,0,0,0,0
ou_vwap_base,wf_2023,2023-04-18 00:00:00+00:00,0,0,0,0
ou_vwap_base,wf_2023,2023-04-19 00:00:00+00:00,0,0,0,0
ou_vwap_base,wf_2023,2023-04-20 00:00:00+00:00,0,0,0,0
ou_vwap_base,wf_2023,2023-04-21 00:00:00+00:00,0,0,0,0
ou_vwap_base,wf_2023,2023-04-24 00:00:00+00:00,0,0,0,0
ou_vwap_base,wf_2023,2023-04-25 00:00:00+00:00,-0.00758143586511,0,-0.0126191149562,-0.00673351694045
ou_vwap_base,wf_2023,2023-04-26 00:00:00+00:00,-0.0001,0,-0.0001,-6.66666666667e-05
ou_vwap_base,wf_2023,2023-04-27 00:00:00+00:00,0,-0.00417441026727,0,-0.00139147008909
ou_vwap_base,wf_2023,2023-04-28 00:00:00+00:00,0,0,0,0
ou_vwap_base,wf_2023,2023-05-01 00:00:00+00:00,0,0,0,0
ou_vwap_base,wf_2023,2023-05-02 00:00:00+00:00,0,0,0,0
ou_vwap_base,wf_2023,2023-05-03 00:00:00+00:00,0,0,0,0
ou_vwap_base,wf_2023,2023-05-04 00:00:00+00:00,0,0,0,0
ou_vwap_base,wf_2023,2023-05-05 00:00:00+00:00,0,0,0,0
ou_vwap_base,wf_2023,2023-05-08 00:00:00+00:00,0,0,0,0
ou_vwap_base,wf_2023,2023-05-09 00:00:00+00:00,0,0,0,0
ou_vwap_base,wf_2023,2023-05-10 00:00:00+00:00,0,0,0,0
ou_vwap_base,wf_2023,2023-05-11 00:00:00+00:00,0,0,0,0
ou_vwap_base,wf_2023,2023-05-12 00:00:00+00:00,0,0,0,0
ou_vwap_base,wf_2023,2023-05-15 00:00:00+00:00,0,0,-0.00693649661623,-0.00231216553874
ou_vwap_base,wf_2023,2023-05-16 00:00:00+00:00,0,0,-0.0001,-3.33333333333e-05
ou_vwap_base,wf_2023,2023-05-17 00:00:00+00:00,-0.00293359963481,0,0,-0.000977866544936
ou_vwap_base,wf_2023,2023-05-18 00:00:00+00:00,0,0,0,0
ou_vwap_base,wf_2023,2023-05-19 00:00:00+00:00,0,0,0,0
ou_vwap_base,wf_2023,2023-05-22 00:00:00+00:00,0,0,0,0
ou_vwap_base,wf_2023,2023-05-23 00:00:00+00:00,0,0,0,0
ou_vwap_base,wf_2023,2023-05-24 00:00:00+00:00,0,0,0,0
ou_vwap_base,wf_2023,2023-05-25 00:00:00+00:00,0,-0.00660356554919,0,-0.0022011885164
ou_vwap_base,wf_2023,2023-05-26 00:00:00+00:00,0,0,0,0
ou_vwap_base,wf_2023,2023-05-30 00:00:00+00:00,0,0,0,0
ou_vwap_base,wf_2023,2023-05-31 00:00:00+00:00,0,0,0,0
ou_vwap_base,wf_2023,2023-06-01 00:00:00+00:00,0,0,0,0
ou_vwap_base,wf_2023,2023-06-02 00:00:00+00:00,0,0,0,0
ou_vwap_base,wf_2023,2023-06-05 00:00:00+00:00,0,0,0,0
ou_vwap_base,wf_2023,2023-06-06 00:00:00+00:00,0,0,0,0
ou_vwap_base,wf_2023,2023-06-07 00:00:00+00:00,0,-0.00861390019336,0,-0.00287130006445
ou_vwap_base,wf_2023,2023-06-08 00:00:00+00:00,0,-0.0001,0,-3.33333333333e-05
ou_vwap_base,wf_2023,2023-06-09 00:00:00+00:00,0,-0.00243178190751,0,-0.000810593969171
ou_vwap_base,wf_2023,2023-06-12 00:00:00+00:00,0,0,0,0
ou_vwap_base,wf_2023,2023-06-13 00:00:00+00:00,0.00150442444916,0,0,0.000501474816387
ou_vwap_base,wf_2023,2023-06-14 00:00:00+00:00,0.00517010485123,0,0,0.00172336828374
ou_vwap_base,wf_2023,2023-06-15 00:00:00+00:00,-0.0001,0.00311576528223,0,0.00100525509408
ou_vwap_base,wf_2023,2023-06-16 00:00:00+00:00,0,-0.00282383663964,0,-0.000941278879881
ou_vwap_base,wf_2023,2023-06-20 00:00:00+00:00,0,-0.0001,0,-3.33333333333e-05
ou_vwap_base,wf_2023,2023-06-21 00:00:00+00:00,0,0,0,0
ou_vwap_base,wf_2023,2023-06-22 00:00:00+00:00,0,0,0,0
ou_vwap_base,wf_2023,2023-06-23 00:00:00+00:00,0,0,0,0
ou_vwap_base,wf_2023,2023-06-26 00:00:00+00:00,0,0,0.00807343051912,0.00269114350637
ou_vwap_base,wf_2023,2023-06-27 00:00:00+00:00,-0.00541431101349,0,0,-0.00180477033783
ou_vwap_base,wf_2023,2023-06-28 00:00:00+00:00,-0.0001,0,0,-3.33333333333e-05
ou_vwap_base,wf_2023,2023-06-29 00:00:00+00:00,0,0,0,0
ou_vwap_base,wf_2023,2023-06-30 00:00:00+00:00,-0.0011881571026,0,0,-0.000396052367534
ou_vwap_base,wf_2023,2023-07-03 00:00:00+00:00,0,0,0,0
ou_vwap_base,wf_2023,2023-07-05 00:00:00+00:00,0,0,0.000625703929636,0.000208567976545
ou_vwap_base,wf_2023,2023-07-06 00:00:00+00:00,0,-0.00133939800445,-0.0084552612466,-0.00326488641702
ou_vwap_base,wf_2023,2023-07-07 00:00:00+00:00,0,0,0,0
ou_vwap_base,wf_2023,2023-07-10 00:00:00+00:00,0,0,0,0
ou_vwap_base,wf_2023,2023-07-11 00:00:00+00:00,0,0,0,0
ou_vwap_base,wf_2023,2023-07-12 00:00:00+00:00,0,-0.00385473025151,0,-0.00128491008384
ou_vwap_base,wf_2023,2023-07-13 00:00:00+00:00,0,0,0,0
ou_vwap_base,wf_2023,2023-07-14 00:00:00+00:00,0,0,0,0
ou_vwap_base,wf_2023,2023-07-17 00:00:00+00:00,0,0,0,0
ou_vwap_base,wf_2023,2023-07-18 00:00:00+00:00,0,0,0,0
ou_vwap_base,wf_2023,2023-07-19 00:00:00+00:00,0,0,0,0
ou_vwap_base,wf_2023,2023-07-20 00:00:00+00:00,0,0,0,0
ou_vwap_base,wf_2023,2023-07-21 00:00:00+00:00,0,0,0,0
ou_vwap_base,wf_2023,2023-07-24 00:00:00+00:00,0,0,0,0
ou_vwap_base,wf_2023,2023-07-25 00:00:00+00:00,0,0,0,0
ou_vwap_base,wf_2023,2023-07-26 00:00:00+00:00,0,0,0.00288260295308,0.000960867651028
ou_vwap_base,wf_2023,2023-07-27 00:00:00+00:00,0.00295835761607,0.00934024575349,-0.00799070257663,0.00143596693098
ou_vwap_base,wf_2023,2023-07-28 00:00:00+00:00,-0.0001,0,-0.0001,-6.66666666667e-05
ou_vwap_base,wf_2023,2023-07-31 00:00:00+00:00,0,0,0.000312624006477,0.000104208002159
ou_vwap_base,wf_2023,2023-08-01 00:00:00+00:00,0,0,0,0
ou_vwap_base,wf_2023,2023-08-02 00:00:00+00:00,-0.00267385818948,-0.00962346154777,0,-0.00409910657908
ou_vwap_base,wf_2023,2023-08-03 00:00:00+00:00,0,0,0,0
ou_vwap_base,wf_2023,2023-08-04 00:00:00+00:00,0,0,0,0
ou_vwap_base,wf_2023,2023-08-07 00:00:00+00:00,0,0,0,0
ou_vwap_base,wf_2023,2023-08-08 00:00:00+00:00,0,0,0.00516526625268,0.00172175541756
ou_vwap_base,wf_2023,2023-08-09 00:00:00+00:00,0,0,0,0
ou_vwap_base,wf_2023,2023-08-10 00:00:00+00:00,0,0.000507441494735,0,0.000169147164912
ou_vwap_base,wf_2023,2023-08-11 00:00:00+00:00,0,0,0,0
ou_vwap_base,wf_2023,2023-08-14 00:00:00+00:00,0,-0.00305551087489,0,-0.00101850362496
ou_vwap_base,wf_2023,2023-08-15 00:00:00+00:00,0,-0.0001,0,-3.33333333333e-05
ou_vwap_base,wf_2023,2023-08-16 00:00:00+00:00,0,0,0,0
ou_vwap_base,wf_2023,2023-08-17 00:00:00+00:00,0,0,0,0
ou_vwap_base,wf_2023,2023-08-18 00:00:00+00:00,0.00409881770708,-0.00111447952517,0,0.00099477939397
ou_vwap_base,wf_2023,2023-08-21 00:00:00+00:00,-0.00237439168855,0,0,-0.000791463896182
ou_vwap_base,wf_2023,2023-08-22 00:00:00+00:00,-0.0001,0,0,-3.33333333333e-05
ou_vwap_base,wf_2023,2023-08-23 00:00:00+00:00,0,0,0,0
ou_vwap_base,wf_2023,2023-08-24 00:00:00+00:00,0,0,0,0
ou_vwap_base,wf_2023,2023-08-25 00:00:00+00:00,0,0,0,0
ou_vwap_base,wf_2023,2023-08-28 00:00:00+00:00,0,0,0.00525586028597,0.00175195342866
ou_vwap_base,wf_2023,2023-08-29 00:00:00+00:00,0,0,0,0
ou_vwap_base,wf_2023,2023-08-30 00:00:00+00:00,0,0,0,0
ou_vwap_base,wf_2023,2023-08-31 00:00:00+00:00,0,0,0,0
ou_vwap_base,wf_2023,2023-09-01 00:00:00+00:00,0.00042931058351,0.00413446565332,0,0.00152125874561
ou_vwap_base,wf_2023,2023-09-05 00:00:00+00:00,-0.0001,-0.0001,-0.00555903203689,-0.00191967734563
ou_vwap_base,wf_2023,2023-09-06 00:00:00+00:00,0,0,-0.0001,-3.33333333333e-05
ou_vwap_base,wf_2023,2023-09-07 00:00:00+00:00,0,0,0,0
ou_vwap_base,wf_2023,2023-09-08 00:00:00+00:00,0,0.00545191912353,0,0.00181730637451
ou_vwap_base,wf_2023,2023-09-11 00:00:00+00:00,0,0,0,0
ou_vwap_base,wf_2023,2023-09-12 00:00:00+00:00,0,0,0,0
ou_vwap_base,wf_2023,2023-09-13 00:00:00+00:00,0,0,0,0
ou_vwap_base,wf_2023,2023-09-14 00:00:00+00:00,0,0,-0.00249767077984,-0.000832556926614
ou_vwap_base,wf_2023,2023-09-15 00:00:00+00:00,0,0.000618482032742,-8.72354221155e-05,0.000177082203542
ou_vwap_base,wf_2023,2023-09-18 00:00:00+00:00,0,0,-0.0001,-3.33333333333e-05
ou_vwap_base,wf_2023,2023-09-19 00:00:00+00:00,0,0,0,0
ou_vwap_base,wf_2023,2023-09-20 00:00:00+00:00,0,0,0,0
ou_vwap_base,wf_2023,2023-09-21 00:00:00+00:00,0,0,0,0
ou_vwap_base,wf_2023,2023-09-22 00:00:00+00:00,0,0,0,0
ou_vwap_base,wf_2023,2023-09-25 00:00:00+00:00,0,0,0,0
ou_vwap_base,wf_2023,2023-09-26 00:00:00+00:00,0,0,0,0
ou_vwap_base,wf_2023,2023-09-27 00:00:00+00:00,0,0,0,0
ou_vwap_base,wf_2023,2023-09-28 00:00:00+00:00,0.00331439365837,-0.00171447565632,0.00224517223094,0.00128169674433
ou_vwap_base,wf_2023,2023-09-29 00:00:00+00:00,0,0,-0.0001,-3.33333333333e-05
ou_vwap_base,wf_2023,2023-10-02 00:00:00+00:00,0,0,0,0
ou_vwap_base,wf_2023,2023-10-03 00:00:00+00:00,0,0,0,0
ou_vwap_base,wf_2023,2023-10-04 00:00:00+00:00,0,0,0,0
ou_vwap_base,wf_2023,2023-10-05 00:00:00+00:00,0,0,0,0
ou_vwap_base,wf_2023,2023-10-06 00:00:00+00:00,0,0,0,0
ou_vwap_base,wf_2023,2023-10-09 00:00:00+00:00,0,0,0,0
ou_vwap_base,wf_2023,2023-10-10 00:00:00+00:00,0,0,0,0
ou_vwap_base,wf_2023,2023-10-11 00:00:00+00:00,0,0,0,0
ou_vwap_base,wf_2023,2023-10-12 00:00:00+00:00,0,0,0,0
ou_vwap_base,wf_2023,2023-10-13 00:00:00+00:00,0,0,0,0
ou_vwap_base,wf_2023,2023-10-16 00:00:00+00:00,0,0,0,0
ou_vwap_base,wf_2023,2023-10-17 00:00:00+00:00,0,0,0,0
ou_vwap_base,wf_2023,2023-10-18 00:00:00+00:00,0,0,0,0
ou_vwap_base,wf_2023,2023-10-19 00:00:00+00:00,0,0,0,0
ou_vwap_base,wf_2023,2023-10-20 00:00:00+00:00,0,-0.00153016861758,0,-0.000510056205859
ou_vwap_base,wf_2023,2023-10-23 00:00:00+00:00,0,0.00974732610331,0,0.0032491087011
ou_vwap_base,wf_2023,2023-10-24 00:00:00+00:00,0,-0.0001,0,-3.33333333333e-05
ou_vwap_base,wf_2023,2023-10-25 00:00:00+00:00,0,0,0,0
ou_vwap_base,wf_2023,2023-10-26 00:00:00+00:00,0,0,0.0104084631156,0.00346948770518
ou_vwap_base,wf_2023,2023-10-27 00:00:00+00:00,0,0,0,0
ou_vwap_base,wf_2023,2023-10-30 00:00:00+00:00,0,0,0.00425684344843,0.00141894781614
ou_vwap_base,wf_2023,2023-10-31 00:00:00+00:00,0,0,0,0
ou_vwap_base,wf_2023,2023-11-01 00:00:00+00:00,0,0,0,0
ou_vwap_base,wf_2023,2023-11-02 00:00:00+00:00,0,0,-0.0107441356482,-0.00358137854938
ou_vwap_base,wf_2023,2023-11-03 00:00:00+00:00,0,0,-0.0001,-3.33333333333e-05
ou_vwap_base,wf_2023,2023-11-06 00:00:00+00:00,0,0,0,0
ou_vwap_base,wf_2023,2023-11-07 00:00:00+00:00,0,0,0,0
ou_vwap_base,wf_2023,2023-11-08 00:00:00+00:00,0,0,0,0
ou_vwap_base,wf_2023,2023-11-09 00:00:00+00:00,0,0,0,0
ou_vwap_base,wf_2023,2023-11-10 00:00:00+00:00,0,0,0,0
ou_vwap_base,wf_2023,2023-11-13 00:00:00+00:00,0,0,0,0
ou_vwap_base,wf_2023,2023-11-14 00:00:00+00:00,-0.00393836356059,0.000467791916832,-0.00741704460525,-0.00362920541634
ou_vwap_base,wf_2023,2023-11-15 00:00:00+00:00,0,0,0,0
ou_vwap_base,wf_2023,2023-11-16 00:00:00+00:00,0,0,0,0
ou_vwap_base,wf_2023,2023-11-17 00:00:00+00:00,0,0,0,0
ou_vwap_base,wf_2023,2023-11-20 00:00:00+00:00,0,0,0,0
ou_vwap_base,wf_2023,2023-11-21 00:00:00+00:00,0,0,0,0
ou_vwap_base,wf_2023,2023-11-22 00:00:00+00:00,0,0.00607839130793,0,0.00202613043598
ou_vwap_base,wf_2023,2023-11-24 00:00:00+00:00,0,0,0,0
ou_vwap_base,wf_2023,2023-11-27 00:00:00+00:00,0,0,0,0
ou_vwap_base,wf_2023,2023-11-28 00:00:00+00:00,0,0,0,0
ou_vwap_base,wf_2023,2023-11-29 00:00:00+00:00,0.00429422087553,0.00738207448119,0.00373474217063,0.00513701250911
ou_vwap_base,wf_2023,2023-11-30 00:00:00+00:00,-0.0001,-0.00375245360778,0,-0.00128415120259
ou_vwap_base,wf_2023,2023-12-01 00:00:00+00:00,-0.00380486054825,0,-0.00683652934045,-0.0035471299629
ou_vwap_base,wf_2023,2023-12-04 00:00:00+00:00,-0.0001,-0.000491444465707,0,-0.000197148155236
ou_vwap_base,wf_2023,2023-12-05 00:00:00+00:00,0,0,0,0
ou_vwap_base,wf_2023,2023-12-06 00:00:00+00:00,0,0,0,0
ou_vwap_base,wf_2023,2023-12-07 00:00:00+00:00,0,0,0,0
ou_vwap_base,wf_2023,2023-12-08 00:00:00+00:00,0,0,0,0
ou_vwap_base,wf_2023,2023-12-11 00:00:00+00:00,0,0,0,0
ou_vwap_base,wf_2023,2023-12-12 00:00:00+00:00,0,0,0,0
ou_vwap_base,wf_2023,2023-12-13 00:00:00+00:00,-0.00656073069112,0,-0.00856735401674,-0.00504269490262
ou_vwap_base,wf_2023,2023-12-14 00:00:00+00:00,0.00391258071267,0.00528254132252,-0.00740506178302,0.000596686750723
ou_vwap_base,wf_2023,2023-12-15 00:00:00+00:00,0,-0.0001,-0.0001,-6.66666666667e-05
ou_vwap_base,wf_2023,2023-12-18 00:00:00+00:00,0,0,0,0
ou_vwap_base,wf_2023,2023-12-19 00:00:00+00:00,0,0,0,0
ou_vwap_base,wf_2023,2023-12-20 00:00:00+00:00,0,-0.0015272133214,0,-0.000509071107132
ou_vwap_base,wf_2023,2023-12-21 00:00:00+00:00,0,0,0,0
ou_vwap_base,wf_2023,2023-12-22 00:00:00+00:00,0,0.00341466704054,0.0106267683574,0.00468047846597
ou_vwap_base,wf_2023,2023-12-26 00:00:00+00:00,0,0,0,0
ou_vwap_base,wf_2023,2023-12-27 00:00:00+00:00,0,0,0,0
ou_vwap_base,wf_2023,2023-12-28 00:00:00+00:00,0,0,0,0
ou_vwap_base,wf_2023,2023-12-29 00:00:00+00:00,0,-0.00563795097875,0,-0.00187931699292
ou_vwap_base,wf_2024,2024-01-02 00:00:00+00:00,-0.000702016544088,-0.00318573104391,0,-0.00129591586267
ou_vwap_base,wf_2024,2024-01-03 00:00:00+00:00,0,0,0,0
ou_vwap_base,wf_2024,2024-01-04 00:00:00+00:00,0,0,0,0
ou_vwap_base,wf_2024,2024-01-05 00:00:00+00:00,0,0,0,0
ou_vwap_base,wf_2024,2024-01-08 00:00:00+00:00,-0.0078579726432,-0.00334480814031,-0.00992974925108,-0.0070441766782
ou_vwap_base,wf_2024,2024-01-09 00:00:00+00:00,-0.0001,0,-0.0001,-6.66666666667e-05
ou_vwap_base,wf_2024,2024-01-10 00:00:00+00:00,0,0,0,0
ou_vwap_base,wf_2024,2024-01-11 00:00:00+00:00,0,0,0.0077267846789,0.00257559489297
ou_vwap_base,wf_2024,2024-01-12 00:00:00+00:00,0,0,0,0
ou_vwap_base,wf_2024,2024-01-16 00:00:00+00:00,0,0,0.0033005273921,0.00110017579737
ou_vwap_base,wf_2024,2024-01-17 00:00:00+00:00,0.00199834304211,0.00361136570163,0,0.00186990291458
ou_vwap_base,wf_2024,2024-01-18 00:00:00+00:00,-0.0001,0.00345650559593,0,0.00111883519864
ou_vwap_base,wf_2024,2024-01-19 00:00:00+00:00,0,0,-0.00149436323891,-0.000498121079636
ou_vwap_base,wf_2024,2024-01-22 00:00:00+00:00,0,0,-0.00556152146927,-0.00185384048976
ou_vwap_base,wf_2024,2024-01-23 00:00:00+00:00,0,0,0,0
ou_vwap_base,wf_2024,2024-01-24 00:00:00+00:00,0,0,0,0
ou_vwap_base,wf_2024,2024-01-25 00:00:00+00:00,0,0,0,0
ou_vwap_base,wf_2024,2024-01-26 00:00:00+00:00,0,0,0,0
ou_vwap_base,wf_2024,2024-01-29 00:00:00+00:00,0,0,-0.00459536630977,-0.00153178876992
ou_vwap_base,wf_2024,2024-01-30 00:00:00+00:00,0,0,-0.0001,-3.33333333333e-05
ou_vwap_base,wf_2024,2024-01-31 00:00:00+00:00,-0.00184629043131,0.000909153648696,-0.0105915729461,-0.0038429032429
ou_vwap_base,wf_2024,2024-02-01 00:00:00+00:00,0,0,0.0056450663204,0.00188168877347
ou_vwap_base,wf_2024,2024-02-02 00:00:00+00:00,0,0,0,0
ou_vwap_base,wf_2024,2024-02-05 00:00:00+00:00,0,0,0.00929058773367,0.00309686257789
ou_vwap_base,wf_2024,2024-02-06 00:00:00+00:00,0,0,0,0
ou_vwap_base,wf_2024,2024-02-07 00:00:00+00:00,0,0,0,0
ou_vwap_base,wf_2024,2024-02-08 00:00:00+00:00,0,0,0,0
ou_vwap_base,wf_2024,2024-02-09 00:00:00+00:00,0,0,0,0
ou_vwap_base,wf_2024,2024-02-12 00:00:00+00:00,0,0,-0.00376275826767,-0.00125425275589
ou_vwap_base,wf_2024,2024-02-13 00:00:00+00:00,-0.000865948265994,0,-0.00877297925681,-0.00321297584093
ou_vwap_base,wf_2024,2024-02-14 00:00:00+00:00,0,0,0,0
ou_vwap_base,wf_2024,2024-02-15 00:00:00+00:00,0,0,0,0
ou_vwap_base,wf_2024,2024-02-16 00:00:00+00:00,0,0,0,0
ou_vwap_base,wf_2024,2024-02-20 00:00:00+00:00,0,0,0,0
ou_vwap_base,wf_2024,2024-02-21 00:00:00+00:00,0,0,0,0
ou_vwap_base,wf_2024,2024-02-22 00:00:00+00:00,0,-0.00148254089904,0,-0.00049418029968
ou_vwap_base,wf_2024,2024-02-23 00:00:00+00:00,0,0,0,0
ou_vwap_base,wf_2024,2024-02-26 00:00:00+00:00,0,0,0,0
ou_vwap_base,wf_2024,2024-02-27 00:00:00+00:00,0,0,0,0
ou_vwap_base,wf_2024,2024-02-28 00:00:00+00:00,0,0,-0.00116460660956,-0.000388202203188
ou_vwap_base,wf_2024,2024-02-29 00:00:00+00:00,0,0,-0.0001,-3.33333333333e-05
ou_vwap_base,wf_2024,2024-03-01 00:00:00+00:00,-0.00410159563806,-0.00659157626668,0,-0.00356439063491
ou_vwap_base,wf_2024,2024-03-04 00:00:00+00:00,-0.0001,-0.0001,0,-6.66666666667e-05
ou_vwap_base,wf_2024,2024-03-05 00:00:00+00:00,-0.00189680787637,0,-0.00456789327707,-0.00215490038448
ou_vwap_base,wf_2024,2024-03-06 00:00:00+00:00,0,0,-0.0001,-3.33333333333e-05
ou_vwap_base,wf_2024,2024-03-07 00:00:00+00:00,0,0,0,0
ou_vwap_base,wf_2024,2024-03-08 00:00:00+00:00,0,0,0,0
ou_vwap_base,wf_2024,2024-03-11 00:00:00+00:00,0,0,0,0
ou_vwap_base,wf_2024,2024-03-12 00:00:00+00:00,0,0,0,0
ou_vwap_base,wf_2024,2024-03-13 00:00:00+00:00,0,0,0,0
ou_vwap_base,wf_2024,2024-03-14 00:00:00+00:00,0,0,0,0
ou_vwap_base,wf_2024,2024-03-15 00:00:00+00:00,0,0,0,0
ou_vwap_base,wf_2024,2024-03-18 00:00:00+00:00,0,0.00533019900164,0,0.00177673300055
ou_vwap_base,wf_2024,2024-03-19 00:00:00+00:00,0,-0.0001,0,-3.33333333333e-05
ou_vwap_base,wf_2024,2024-03-20 00:00:00+00:00,0,0,0,0
ou_vwap_base,wf_2024,2024-03-21 00:00:00+00:00,0,0.00372699543033,0,0.00124233181011
ou_vwap_base,wf_2024,2024-03-22 00:00:00+00:00,0,0,0,0
ou_vwap_base,wf_2024,2024-03-25 00:00:00+00:00,0,0,0,0
ou_vwap_base,wf_2024,2024-03-26 00:00:00+00:00,0,0,0,0
ou_vwap_base,wf_2024,2024-03-27 00:00:00+00:00,0,0,0,0
ou_vwap_base,wf_2024,2024-03-28 00:00:00+00:00,0.000459159058202,0,0,0.000153053019401
ou_vwap_base,wf_2024,2024-04-01 00:00:00+00:00,0.00192821665654,0.00422346680367,0,0.00205056115341
ou_vwap_base,wf_2024,2024-04-02 00:00:00+00:00,0.00156513081569,0.00215142698808,0,0.00123885260126
ou_vwap_base,wf_2024,2024-04-03 00:00:00+00:00,0,0.00438983643182,0,0.00146327881061
ou_vwap_base,wf_2024,2024-04-04 00:00:00+00:00,0,0,0,0
ou_vwap_base,wf_2024,2024-04-05 00:00:00+00:00,0,0,0,0
ou_vwap_base,wf_2024,2024-04-08 00:00:00+00:00,0,0,0,0
ou_vwap_base,wf_2024,2024-04-09 00:00:00+00:00,0,0,0,0
ou_vwap_base,wf_2024,2024-04-10 00:00:00+00:00,0,0,-0.0016786402098,-0.0005595467366
ou_vwap_base,wf_2024,2024-04-11 00:00:00+00:00,0,0.000896119587571,-0.0001,0.000265373195857
ou_vwap_base,wf_2024,2024-04-12 00:00:00+00:00,0,-0.0001,0,-3.33333333333e-05
ou_vwap_base,wf_2024,2024-04-15 00:00:00+00:00,0,0,0,0
ou_vwap_base,wf_2024,2024-04-16 00:00:00+00:00,0,0,0,0
ou_vwap_base,wf_2024,2024-04-17 00:00:00+00:00,0,0,0,0
ou_vwap_base,wf_2024,2024-04-18 00:00:00+00:00,0,0,0,0
ou_vwap_base,wf_2024,2024-04-19 00:00:00+00:00,0,0,0,0
ou_vwap_base,wf_2024,2024-04-22 00:00:00+00:00,0,0,0,0
ou_vwap_base,wf_2024,2024-04-23 00:00:00+00:00,0,0,0,0
ou_vwap_base,wf_2024,2024-04-24 00:00:00+00:00,0,0,0,0
ou_vwap_base,wf_2024,2024-04-25 00:00:00+00:00,0,0,0,0
ou_vwap_base,wf_2024,2024-04-26 00:00:00+00:00,0,0,0,0
ou_vwap_base,wf_2024,2024-04-29 00:00:00+00:00,0,0,0,0
ou_vwap_base,wf_2024,2024-04-30 00:00:00+00:00,0,0,0,0
ou_vwap_base,wf_2024,2024-05-01 00:00:00+00:00,0,0,0,0
ou_vwap_base,wf_2024,2024-05-02 00:00:00+00:00,0,0,0,0
ou_vwap_base,wf_2024,2024-05-03 00:00:00+00:00,0,0,0,0
ou_vwap_base,wf_2024,2024-05-06 00:00:00+00:00,0,0,0,0
ou_vwap_base,wf_2024,2024-05-07 00:00:00+00:00,0,0,0,0
ou_vwap_base,wf_2024,2024-05-08 00:00:00+00:00,0,0,0,0
ou_vwap_base,wf_2024,2024-05-09 00:00:00+00:00,0,0,0,0
ou_vwap_base,wf_2024,2024-05-10 00:00:00+00:00,0,0,0,0
ou_vwap_base,wf_2024,2024-05-13 00:00:00+00:00,0,0,0,0
ou_vwap_base,wf_2024,2024-05-14 00:00:00+00:00,0,-0.000509636036058,0,-0.000169878678686
ou_vwap_base,wf_2024,2024-05-15 00:00:00+00:00,-0.0068561873148,-0.0104275464184,0,-0.00576124457774
ou_vwap_base,wf_2024,2024-05-16 00:00:00+00:00,-0.0001,-0.0001,0,-6.66666666667e-05
ou_vwap_base,wf_2024,2024-05-17 00:00:00+00:00,0,0,0,0
ou_vwap_base,wf_2024,2024-05-20 00:00:00+00:00,0,0,0,0
ou_vwap_base,wf_2024,2024-05-21 00:00:00+00:00,0,0,0,0
ou_vwap_base,wf_2024,2024-05-22 00:00:00+00:00,0,0,0.00323386923851,0.00107795641284
ou_vwap_base,wf_2024,2024-05-23 00:00:00+00:00,-0.00207161655664,-0.00216083546673,-0.0001,-0.00144415067446
ou_vwap_base,wf_2024,2024-05-24 00:00:00+00:00,0,0,0,0
ou_vwap_base,wf_2024,2024-05-28 00:00:00+00:00,0,0,0,0
ou_vwap_base,wf_2024,2024-05-29 00:00:00+00:00,0.00235977292303,0,0,0.000786590974342
ou_vwap_base,wf_2024,2024-05-30 00:00:00+00:00,0,0,0,0
ou_vwap_base,wf_2024,2024-05-31 00:00:00+00:00,0,0,0,0
ou_vwap_base,wf_2024,2024-06-03 00:00:00+00:00,0,0,0,0
ou_vwap_base,wf_2024,2024-06-04 00:00:00+00:00,0,0,0,0
ou_vwap_base,wf_2024,2024-06-05 00:00:00+00:00,0,0,0,0
ou_vwap_base,wf_2024,2024-06-06 00:00:00+00:00,0,0,0,0
ou_vwap_base,wf_2024,2024-06-07 00:00:00+00:00,0,0,0,0
ou_vwap_base,wf_2024,2024-06-10 00:00:00+00:00,0,0,0,0
ou_vwap_base,wf_2024,2024-06-11 00:00:00+00:00,0,0,0,0
ou_vwap_base,wf_2024,2024-06-12 00:00:00+00:00,9.61377584718e-05,0.00052177621582,0.00862427416168,0.00308072937866
ou_vwap_base,wf_2024,2024-06-13 00:00:00+00:00,0,0,0,0
ou_vwap_base,wf_2024,2024-06-14 00:00:00+00:00,0,0,0,0
ou_vwap_base,wf_2024,2024-06-17 00:00:00+00:00,0,0,0,0
ou_vwap_base,wf_2024,2024-06-18 00:00:00+00:00,0,0,0,0
ou_vwap_base,wf_2024,2024-06-20 00:00:00+00:00,0,-0.00161134669269,0,-0.000537115564229
ou_vwap_base,wf_2024,2024-06-21 00:00:00+00:00,0,-0.0001,0,-3.33333333333e-05
ou_vwap_base,wf_2024,2024-06-24 00:00:00+00:00,0,0,0,0
ou_vwap_base,wf_2024,2024-06-25 00:00:00+00:00,0,-0.000316810808979,0,-0.000105603602993
ou_vwap_base,wf_2024,2024-06-26 00:00:00+00:00,0,-0.0001,0,-3.33333333333e-05
ou_vwap_base,wf_2024,2024-06-27 00:00:00+00:00,0.00313820971445,0,0,0.00104606990482
ou_vwap_base,wf_2024,2024-06-28 00:00:00+00:00,-0.00116972901168,0.00808528377622,0,0.00230518492151
ou_vwap_base,wf_2024,2024-07-01 00:00:00+00:00,0.0038485300238,0,0,0.00128284334127
ou_vwap_base,wf_2024,2024-07-02 00:00:00+00:00,0,0,0,0
ou_vwap_base,wf_2024,2024-07-03 00:00:00+00:00,0,0,0,0
ou_vwap_base,wf_2024,2024-07-05 00:00:00+00:00,0,0,0,0
ou_vwap_base,wf_2024,2024-07-08 00:00:00+00:00,0,0,0.00538084612007,0.00179361537336
ou_vwap_base,wf_2024,2024-07-09 00:00:00+00:00,0,-0.00243281582217,0,-0.000810938607389
ou_vwap_base,wf_2024,2024-07-10 00:00:00+00:00,0,0,0,0
ou_vwap_base,wf_2024,2024-07-11 00:00:00+00:00,0,0,0,0
ou_vwap_base,wf_2024,2024-07-12 00:00:00+00:00,0,0,0,0
ou_vwap_base,wf_2024,2024-07-15 00:00:00+00:00,0,0,0,0
ou_vwap_base,wf_2024,2024-07-16 00:00:00+00:00,0,0,0,0
ou_vwap_base,wf_2024,2024-07-17 00:00:00+00:00,0,0,0,0
ou_vwap_base,wf_2024,2024-07-18 00:00:00+00:00,0,0,0,0
ou_vwap_base,wf_2024,2024-07-19 00:00:00+00:00,0,0,0,0
ou_vwap_base,wf_2024,2024-07-22 00:00:00+00:00,-0.000653324361183,-0.00245583675794,0,-0.00103638703971
ou_vwap_base,wf_2024,2024-07-23 00:00:00+00:00,-0.0001,-0.0001,0,-6.66666666667e-05
ou_vwap_base,wf_2024,2024-07-24 00:00:00+00:00,0,-0.0173309199204,0,-0.0057769733068
ou_vwap_base,wf_2024,2024-07-25 00:00:00+00:00,0,-0.0001,0,-3.33333333333e-05
ou_vwap_base,wf_2024,2024-07-26 00:00:00+00:00,0,0,0,0
ou_vwap_base,wf_2024,2024-07-29 00:00:00+00:00,0,0,0,0
ou_vwap_base,wf_2024,2024-07-30 00:00:00+00:00,0,0,0,0
ou_vwap_base,wf_2024,2024-07-31 00:00:00+00:00,0,0,0.0132638863651,0.00442129545503
ou_vwap_base,wf_2024,2024-08-01 00:00:00+00:00,0,0,-0.010719007314,-0.00357300243801
ou_vwap_base,wf_2024,2024-08-02 00:00:00+00:00,0,0,0,0
ou_vwap_base,wf_2024,2024-08-05 00:00:00+00:00,0,0,0,0
ou_vwap_base,wf_2024,2024-08-06 00:00:00+00:00,0,0,0,0
ou_vwap_base,wf_2024,2024-08-07 00:00:00+00:00,0,0,0,0
ou_vwap_base,wf_2024,2024-08-08 00:00:00+00:00,0,0,0,0
ou_vwap_base,wf_2024,2024-08-09 00:00:00+00:00,0,0,0,0
ou_vwap_base,wf_2024,2024-08-12 00:00:00+00:00,0,0,0,0
ou_vwap_base,wf_2024,2024-08-13 00:00:00+00:00,0,0,0,0
ou_vwap_base,wf_2024,2024-08-14 00:00:00+00:00,0,0,0,0
ou_vwap_base,wf_2024,2024-08-15 00:00:00+00:00,0,0,-0.00432392769802,-0.00144130923267
ou_vwap_base,wf_2024,2024-08-16 00:00:00+00:00,0,0,-0.0001,-3.33333333333e-05
ou_vwap_base,wf_2024,2024-08-19 00:00:00+00:00,0,0,0,0
ou_vwap_base,wf_2024,2024-08-20 00:00:00+00:00,0,0,0,0
ou_vwap_base,wf_2024,2024-08-21 00:00:00+00:00,0,0,0,0
ou_vwap_base,wf_2024,2024-08-22 00:00:00+00:00,-0.00232182447219,-0.0050544521813,0,-0.0024587588845
ou_vwap_base,wf_2024,2024-08-23 00:00:00+00:00,-0.0001,-0.0001,-0.00342592631645,-0.00120864210548
ou_vwap_base,wf_2024,2024-08-26 00:00:00+00:00,0,0,0,0
ou_vwap_base,wf_2024,2024-08-27 00:00:00+00:00,0,0,0,0
ou_vwap_base,wf_2024,2024-08-28 00:00:00+00:00,0,0,0,0
ou_vwap_base,wf_2024,2024-08-29 00:00:00+00:00,0,0,0,0
ou_vwap_base,wf_2024,2024-08-30 00:00:00+00:00,0,0,0,0
ou_vwap_base,wf_2024,2024-09-03 00:00:00+00:00,0,0,0,0
ou_vwap_base,wf_2024,2024-09-04 00:00:00+00:00,0,0,0,0
ou_vwap_base,wf_2024,2024-09-05 00:00:00+00:00,0,0,0,0
ou_vwap_base,wf_2024,2024-09-06 00:00:00+00:00,0,0,0,0
ou_vwap_base,wf_2024,2024-09-09 00:00:00+00:00,0,0,0,0
ou_vwap_base,wf_2024,2024-09-10 00:00:00+00:00,0,0,0,0
ou_vwap_base,wf_2024,2024-09-11 00:00:00+00:00,0,0,0,0
ou_vwap_base,wf_2024,2024-09-12 00:00:00+00:00,0,0,0,0
ou_vwap_base,wf_2024,2024-09-13 00:00:00+00:00,0,0,0,0
ou_vwap_base,wf_2024,2024-09-16 00:00:00+00:00,0,0,0,0
ou_vwap_base,wf_2024,2024-09-17 00:00:00+00:00,0,0,0,0
ou_vwap_base,wf_2024,2024-09-18 00:00:00+00:00,0,0,0,0
ou_vwap_base,wf_2024,2024-09-19 00:00:00+00:00,0.000640139745054,-0.00288787568272,0,-0.000749245312555
ou_vwap_base,wf_2024,2024-09-20 00:00:00+00:00,-0.0001,-0.0001,0,-6.66666666667e-05
ou_vwap_base,wf_2024,2024-09-23 00:00:00+00:00,0,0,0,0
ou_vwap_base,wf_2024,2024-09-24 00:00:00+00:00,0,0,0,0
ou_vwap_base,wf_2024,2024-09-25 00:00:00+00:00,0,0,0,0
ou_vwap_base,wf_2024,2024-09-26 00:00:00+00:00,0,0,0,0
ou_vwap_base,wf_2024,2024-09-27 00:00:00+00:00,0,0,0.00242086118975,0.000806953729917
ou_vwap_base,wf_2024,2024-09-30 00:00:00+00:00,0.00673812682303,0,0,0.00224604227434
ou_vwap_base,wf_2024,2024-10-01 00:00:00+00:00,0.00274791088675,-0.00237395238178,0.000453002957543,0.000275653820837
ou_vwap_base,wf_2024,2024-10-02 00:00:00+00:00,0.00579265800883,0,0,0.00193088600294
ou_vwap_base,wf_2024,2024-10-03 00:00:00+00:00,0,0,0,0
ou_vwap_base,wf_2024,2024-10-04 00:00:00+00:00,-0.00195966707173,-0.00168418963734,0.00106129045505,-0.000860855418005
ou_vwap_base,wf_2024,2024-10-07 00:00:00+00:00,0.001492259008,-0.0001,-0.0001,0.000430753002667
ou_vwap_base,wf_2024,2024-10-08 00:00:00+00:00,-0.0001,0,0,-3.33333333333e-05
ou_vwap_base,wf_2024,2024-10-09 00:00:00+00:00,0,0,0,0
ou_vwap_base,wf_2024,2024-10-10 00:00:00+00:00,0,0,0.00619411337212,0.00206470445737
ou_vwap_base,wf_2024,2024-10-11 00:00:00+00:00,0,0,-0.0130355635867,-0.00434518786223
ou_vwap_base,wf_2024,2024-10-14 00:00:00+00:00,0,0,-0.0001,-3.33333333333e-05
ou_vwap_base,wf_2024,2024-10-15 00:00:00+00:00,0,-0.00862081191573,0,-0.00287360397191
ou_vwap_base,wf_2024,2024-10-16 00:00:00+00:00,0,-0.0001,0,-3.33333333333e-05
ou_vwap_base,wf_2024,2024-10-17 00:00:00+00:00,0,0,0,0
ou_vwap_base,wf_2024,2024-10-18 00:00:00+00:00,0,0,0,0
ou_vwap_base,wf_2024,2024-10-21 00:00:00+00:00,0,0,0,0
ou_vwap_base,wf_2024,2024-10-22 00:00:00+00:00,0,0,0,0
ou_vwap_base,wf_2024,2024-10-23 00:00:00+00:00,-0.00768570586698,-0.014960955937,0,-0.007548887268
ou_vwap_base,wf_2024,2024-10-24 00:00:00+00:00,0,0,0,0
ou_vwap_base,wf_2024,2024-10-25 00:00:00+00:00,0,0,0,0
ou_vwap_base,wf_2024,2024-10-28 00:00:00+00:00,0,0,0,0
ou_vwap_base,wf_2024,2024-10-29 00:00:00+00:00,0,0,0,0
ou_vwap_base,wf_2024,2024-10-30 00:00:00+00:00,0,0,0,0
ou_vwap_base,wf_2024,2024-10-31 00:00:00+00:00,-0.00460086629347,0,0,-0.00153362209782
ou_vwap_base,wf_2024,2024-11-01 00:00:00+00:00,0,0,0,0
ou_vwap_base,wf_2024,2024-11-04 00:00:00+00:00,0,0,0,0
ou_vwap_base,wf_2024,2024-11-05 00:00:00+00:00,0,0,0,0
ou_vwap_base,wf_2024,2024-11-06 00:00:00+00:00,0,0,-0.010050329204,-0.00335010973468
ou_vwap_base,wf_2024,2024-11-07 00:00:00+00:00,0,0,0,0
ou_vwap_base,wf_2024,2024-11-08 00:00:00+00:00,0,0,0,0
ou_vwap_base,wf_2024,2024-11-11 00:00:00+00:00,0,0,0,0
ou_vwap_base,wf_2024,2024-11-12 00:00:00+00:00,0,0,0,0
ou_vwap_base,wf_2024,2024-11-13 00:00:00+00:00,0,0,0,0
ou_vwap_base,wf_2024,2024-11-14 00:00:00+00:00,0,0,0,0
ou_vwap_base,wf_2024,2024-11-15 00:00:00+00:00,0,-0.00369972029002,0,-0.00123324009667
ou_vwap_base,wf_2024,2024-11-18 00:00:00+00:00,0,0,0,0
ou_vwap_base,wf_2024,2024-11-19 00:00:00+00:00,0,0,0,0
ou_vwap_base,wf_2024,2024-11-20 00:00:00+00:00,0,0,0,0
ou_vwap_base,wf_2024,2024-11-21 00:00:00+00:00,0,0,0,0
ou_vwap_base,wf_2024,2024-11-22 00:00:00+00:00,0,0,0,0
ou_vwap_base,wf_2024,2024-11-25 00:00:00+00:00,0,0,0,0
ou_vwap_base,wf_2024,2024-11-26 00:00:00+00:00,0,0,0.000181182434241,6.03941447471e-05
ou_vwap_base,wf_2024,2024-11-27 00:00:00+00:00,0,7.95782285752e-05,0,2.65260761917e-05
ou_vwap_base,wf_2024,2024-11-29 00:00:00+00:00,0,-0.0001,0,-3.33333333333e-05
ou_vwap_base,wf_2024,2024-12-02 00:00:00+00:00,0,-0.00328985674929,0,-0.00109661891643
ou_vwap_base,wf_2024,2024-12-03 00:00:00+00:00,0,-0.0001,0,-3.33333333333e-05
ou_vwap_base,wf_2024,2024-12-04 00:00:00+00:00,0,0,0,0
ou_vwap_base,wf_2024,2024-12-05 00:00:00+00:00,0,0,0,0
ou_vwap_base,wf_2024,2024-12-06 00:00:00+00:00,0,0,0,0
ou_vwap_base,wf_2024,2024-12-09 00:00:00+00:00,-0.00227251188308,0,0.00703974571677,0.00158907794456
ou_vwap_base,wf_2024,2024-12-10 00:00:00+00:00,-0.0001,0,0,-3.33333333333e-05
ou_vwap_base,wf_2024,2024-12-11 00:00:00+00:00,0,0,0,0
ou_vwap_base,wf_2024,2024-12-12 00:00:00+00:00,0,0,0,0
ou_vwap_base,wf_2024,2024-12-13 00:00:00+00:00,0,0,0,0
ou_vwap_base,wf_2024,2024-12-16 00:00:00+00:00,0,0,0,0
ou_vwap_base,wf_2024,2024-12-17 00:00:00+00:00,0,0,0,0
ou_vwap_base,wf_2024,2024-12-18 00:00:00+00:00,0,0,0,0
ou_vwap_base,wf_2024,2024-12-19 00:00:00+00:00,0,0,0,0
ou_vwap_base,wf_2024,2024-12-20 00:00:00+00:00,0,0,0,0
ou_vwap_base,wf_2024,2024-12-23 00:00:00+00:00,0,0,0,0
ou_vwap_base,wf_2024,2024-12-24 00:00:00+00:00,0,0,0,0
ou_vwap_base,wf_2024,2024-12-26 00:00:00+00:00,0,0,0,0
ou_vwap_base,wf_2024,2024-12-27 00:00:00+00:00,0,0,-0.000430095398813,-0.000143365132938
ou_vwap_base,wf_2024,2024-12-30 00:00:00+00:00,0,0,0,0
ou_vwap_base,wf_2024,2024-12-31 00:00:00+00:00,0,0,0,0
ou_vwap_base,wf_2025,2025-01-02 00:00:00+00:00,0,0,0,0
ou_vwap_base,wf_2025,2025-01-03 00:00:00+00:00,-0.00213311978749,-0.00440398029736,0,-0.00217903336162
ou_vwap_base,wf_2025,2025-01-06 00:00:00+00:00,-0.0001,-0.0001,0,-6.66666666667e-05
ou_vwap_base,wf_2025,2025-01-07 00:00:00+00:00,0,0,-0.00096514594604,-0.000321715315347
ou_vwap_base,wf_2025,2025-01-08 00:00:00+00:00,0,0,-0.0001,-3.33333333333e-05
ou_vwap_base,wf_2025,2025-01-10 00:00:00+00:00,0,0,0,0
ou_vwap_base,wf_2025,2025-01-13 00:00:00+00:00,0,0,0,0
ou_vwap_base,wf_2025,2025-01-14 00:00:00+00:00,0.010171102896,0.0134297746868,0.000251253502766,0.00795071036184
ou_vwap_base,wf_2025,2025-01-15 00:00:00+00:00,-0.00217662296082,-0.000399224032005,0.00149742124946,-0.000359475247788
ou_vwap_base,wf_2025,2025-01-16 00:00:00+00:00,0,0,-0.0001,-3.33333333333e-05
ou_vwap_base,wf_2025,2025-01-17 00:00:00+00:00,0,0,0,0
ou_vwap_base,wf_2025,2025-01-21 00:00:00+00:00,0,0,0,0
ou_vwap_base,wf_2025,2025-01-22 00:00:00+00:00,0,0,0,0
ou_vwap_base,wf_2025,2025-01-23 00:00:00+00:00,0,0,0,0
ou_vwap_base,wf_2025,2025-01-24 00:00:00+00:00,0.000770639788456,0,0,0.000256879929485
ou_vwap_base,wf_2025,2025-01-27 00:00:00+00:00,-0.0001,-0.00375131576497,0,-0.00128377192166
ou_vwap_base,wf_2025,2025-01-28 00:00:00+00:00,0,-0.0001,0,-3.33333333333e-05
ou_vwap_base,wf_2025,2025-01-29 00:00:00+00:00,0,0,0,0
ou_vwap_base,wf_2025,2025-01-30 00:00:00+00:00,0,0,0.00805832775158,0.00268610925053
ou_vwap_base,wf_2025,2025-01-31 00:00:00+00:00,0,0,0,0
ou_vwap_base,wf_2025,2025-02-03 00:00:00+00:00,0.0103398652647,0,0.0142500733741,0.0081966462129
ou_vwap_base,wf_2025,2025-02-04 00:00:00+00:00,0,0,0,0
ou_vwap_base,wf_2025,2025-02-05 00:00:00+00:00,0,0,0,0
ou_vwap_base,wf_2025,2025-02-06 00:00:00+00:00,0,0,0,0
ou_vwap_base,wf_2025,2025-02-07 00:00:00+00:00,0,0,0,0
ou_vwap_base,wf_2025,2025-02-10 00:00:00+00:00,0,0,0,0
ou_vwap_base,wf_2025,2025-02-11 00:00:00+00:00,0,0,0,0
ou_vwap_base,wf_2025,2025-02-12 00:00:00+00:00,0,0,0,0
ou_vwap_base,wf_2025,2025-02-13 00:00:00+00:00,0,0,0,0
ou_vwap_base,wf_2025,2025-02-14 00:00:00+00:00,0,0,0.00859083923278,0.00286361307759
ou_vwap_base,wf_2025,2025-02-18 00:00:00+00:00,0,0,0,0
ou_vwap_base,wf_2025,2025-02-19 00:00:00+00:00,0,0,0,0
ou_vwap_base,wf_2025,2025-02-20 00:00:00+00:00,-0.000116401696845,0.00606987313021,-0.00255789742303,0.00113185800345
ou_vwap_base,wf_2025,2025-02-21 00:00:00+00:00,0,-0.0001,0,-3.33333333333e-05
ou_vwap_base,wf_2025,2025-02-24 00:00:00+00:00,0,0,0,0
ou_vwap_base,wf_2025,2025-02-25 00:00:00+00:00,0,0,0,0
ou_vwap_base,wf_2025,2025-02-26 00:00:00+00:00,0,0,0,0
ou_vwap_base,wf_2025,2025-02-27 00:00:00+00:00,0,0,0,0
ou_vwap_base,wf_2025,2025-02-28 00:00:00+00:00,0,0,0,0
ou_vwap_base,wf_2025,2025-03-03 00:00:00+00:00,0,0,-0.000683630389943,-0.000227876796648
ou_vwap_base,wf_2025,2025-03-04 00:00:00+00:00,-0.00452510980015,0.00677171102197,0.00311025592958,0.00178561905047
ou_vwap_base,wf_2025,2025-03-05 00:00:00+00:00,0,0,0,0
ou_vwap_base,wf_2025,2025-03-06 00:00:00+00:00,0,0,0,0
ou_vwap_base,wf_2025,2025-03-07 00:00:00+00:00,0,0,0,0
ou_vwap_base,wf_2025,2025-03-10 00:00:00+00:00,0,0,0,0
ou_vwap_base,wf_2025,2025-03-11 00:00:00+00:00,0,0,0,0
ou_vwap_base,wf_2025,2025-03-12 00:00:00+00:00,0,0,0,0
ou_vwap_base,wf_2025,2025-03-13 00:00:00+00:00,0,0,0,0
ou_vwap_base,wf_2025,2025-03-14 00:00:00+00:00,0,0,0,0
ou_vwap_base,wf_2025,2025-03-17 00:00:00+00:00,0,0,0,0
ou_vwap_base,wf_2025,2025-03-18 00:00:00+00:00,0,0,0,0
ou_vwap_base,wf_2025,2025-03-19 00:00:00+00:00,0,0,0,0
ou_vwap_base,wf_2025,2025-03-20 00:00:00+00:00,0,0,0,0
ou_vwap_base,wf_2025,2025-03-21 00:00:00+00:00,0,0,0,0
ou_vwap_base,wf_2025,2025-03-24 00:00:00+00:00,-0.00142309842434,0,-0.00443285895894,-0.00195198579442
ou_vwap_base,wf_2025,2025-03-25 00:00:00+00:00,0,0,0,0
ou_vwap_base,wf_2025,2025-03-26 00:00:00+00:00,0,0,0,0
ou_vwap_base,wf_2025,2025-03-27 00:00:00+00:00,0,0,0,0
ou_vwap_base,wf_2025,2025-03-28 00:00:00+00:00,0,0,0,0
ou_vwap_base,wf_2025,2025-03-31 00:00:00+00:00,0,0,0,0
ou_vwap_base,wf_2025,2025-04-01 00:00:00+00:00,0,0,0,0
ou_vwap_base,wf_2025,2025-04-02 00:00:00+00:00,0,0,0,0
ou_vwap_base,wf_2025,2025-04-03 00:00:00+00:00,-0.000924053493033,-0.0161526783835,-0.0164796880985,-0.011185473325
ou_vwap_base,wf_2025,2025-04-04 00:00:00+00:00,-0.0284018165836,-0.0001,-0.0123955238139,-0.0136324467992
ou_vwap_base,wf_2025,2025-04-07 00:00:00+00:00,-0.0001,0.0717540066381,0.0819692899919,0.0512077655433
ou_vwap_base,wf_2025,2025-04-08 00:00:00+00:00,0.028379648252,0.0261813231676,0,0.0181869904732
ou_vwap_base,wf_2025,2025-04-09 00:00:00+00:00,-0.0364404388889,-0.0458714746691,-0.0302016671593,-0.0375045269058
ou_vwap_base,wf_2025,2025-04-10 00:00:00+00:00,-0.0001,-0.0001,-0.0001,-0.0001
ou_vwap_base,wf_2025,2025-04-11 00:00:00+00:00,0,0,0,0
ou_vwap_base,wf_2025,2025-04-14 00:00:00+00:00,0,0,0,0
ou_vwap_base,wf_2025,2025-04-15 00:00:00+00:00,0,0,0,0
ou_vwap_base,wf_2025,2025-04-16 00:00:00+00:00,0,0,0,0
ou_vwap_base,wf_2025,2025-04-17 00:00:00+00:00,0,0,0,0
ou_vwap_base,wf_2025,2025-04-21 00:00:00+00:00,0,0,0,0
ou_vwap_base,wf_2025,2025-04-22 00:00:00+00:00,0,0,0,0
ou_vwap_base,wf_2025,2025-04-23 00:00:00+00:00,0,0,0.0152364012709,0.00507880042363
ou_vwap_base,wf_2025,2025-04-24 00:00:00+00:00,0,0,0,0
ou_vwap_base,wf_2025,2025-04-25 00:00:00+00:00,0,0,0,0
ou_vwap_base,wf_2025,2025-04-28 00:00:00+00:00,0,0,0,0
ou_vwap_base,wf_2025,2025-04-29 00:00:00+00:00,0,0,0,0
ou_vwap_base,wf_2025,2025-04-30 00:00:00+00:00,0,0,0,0
ou_vwap_base,wf_2025,2025-05-01 00:00:00+00:00,0.00285827588841,-0.00284555553996,0,4.24011615174e-06
ou_vwap_base,wf_2025,2025-05-02 00:00:00+00:00,0,0,-0.006199790738,-0.00206659691267
ou_vwap_base,wf_2025,2025-05-05 00:00:00+00:00,0,0,0,0
ou_vwap_base,wf_2025,2025-05-06 00:00:00+00:00,0,0,-0.00236238122599,-0.000787460408664
ou_vwap_base,wf_2025,2025-05-07 00:00:00+00:00,0,0,0,0
ou_vwap_base,wf_2025,2025-05-08 00:00:00+00:00,0.00713466457651,0.00675956663303,0,0.00463141040318
ou_vwap_base,wf_2025,2025-05-09 00:00:00+00:00,-0.0001,-0.0001,0,-6.66666666667e-05
ou_vwap_base,wf_2025,2025-05-12 00:00:00+00:00,-0.00703231583009,-0.00486408725325,0.00566880814924,-0.00207586497803
ou_vwap_base,wf_2025,2025-05-13 00:00:00+00:00,-0.0001,0,0,-3.33333333333e-05
ou_vwap_base,wf_2025,2025-05-14 00:00:00+00:00,0,0,0,0
ou_vwap_base,wf_2025,2025-05-15 00:00:00+00:00,0,0,0,0
ou_vwap_base,wf_2025,2025-05-16 00:00:00+00:00,0,0,0,0
ou_vwap_base,wf_2025,2025-05-19 00:00:00+00:00,0,0,0,0
ou_vwap_base,wf_2025,2025-05-20 00:00:00+00:00,0.00331547066703,0.0043667354363,0,0.00256073536778
ou_vwap_base,wf_2025,2025-05-21 00:00:00+00:00,0.000354350362976,-0.00291710734318,-0.00293316865236,-0.00183197521085
ou_vwap_base,wf_2025,2025-05-22 00:00:00+00:00,-0.0001,-0.0001,-0.0001,-0.0001
ou_vwap_base,wf_2025,2025-05-23 00:00:00+00:00,0.00477144853147,0.00756736175002,0,0.0041129367605
ou_vwap_base,wf_2025,2025-05-27 00:00:00+00:00,-0.00934313448441,-0.00614546898912,0,-0.00516286782451
ou_vwap_base,wf_2025,2025-05-28 00:00:00+00:00,-0.0001,0,0,-3.33333333333e-05
ou_vwap_base,wf_2025,2025-05-29 00:00:00+00:00,0,0,0,0
ou_vwap_base,wf_2025,2025-05-30 00:00:00+00:00,0,0,0,0
ou_vwap_base,wf_2025,2025-06-02 00:00:00+00:00,0,0,0,0
ou_vwap_base,wf_2025,2025-06-03 00:00:00+00:00,0,0,-0.000492130631087,-0.000164043543696
ou_vwap_base,wf_2025,2025-06-04 00:00:00+00:00,0,0,0,0
ou_vwap_base,wf_2025,2025-06-05 00:00:00+00:00,0,0,0,0
ou_vwap_base,wf_2025,2025-06-06 00:00:00+00:00,0,0,0,0
ou_vwap_base,wf_2025,2025-06-09 00:00:00+00:00,0,0,0,0
ou_vwap_base,wf_2025,2025-06-10 00:00:00+00:00,0,0,0,0
ou_vwap_base,wf_2025,2025-06-11 00:00:00+00:00,0.00155515080557,0.00226702975024,-0.00128406995788,0.000846036865977
ou_vwap_base,wf_2025,2025-06-12 00:00:00+00:00,-0.0001,-0.0001,0.00242489491485,0.000741631638283
ou_vwap_base,wf_2025,2025-06-13 00:00:00+00:00,0,0,-0.0001,-3.33333333333e-05
ou_vwap_base,wf_2025,2025-06-16 00:00:00+00:00,0,0,0,0
ou_vwap_base,wf_2025,2025-06-17 00:00:00+00:00,0,0,0,0
ou_vwap_base,wf_2025,2025-06-18 00:00:00+00:00,0,0,0,0
ou_vwap_base,wf_2025,2025-06-20 00:00:00+00:00,0,0,0,0
ou_vwap_base,wf_2025,2025-06-23 00:00:00+00:00,0,0,0,0
ou_vwap_base,wf_2025,2025-06-24 00:00:00+00:00,-0.00459239541868,-0.00424606223762,-0.00620713565779,-0.00501519777136
ou_vwap_base,wf_2025,2025-06-25 00:00:00+00:00,-0.0001,-0.0001,-0.0001,-0.0001
ou_vwap_base,wf_2025,2025-06-26 00:00:00+00:00,0,0,0,0
ou_vwap_base,wf_2025,2025-06-27 00:00:00+00:00,0,0,0,0
ou_vwap_base,wf_2025,2025-06-30 00:00:00+00:00,0,0,0,0
ou_vwap_base,wf_2025,2025-07-01 00:00:00+00:00,0,0,0,0
ou_vwap_base,wf_2025,2025-07-02 00:00:00+00:00,0,0,0,0
ou_vwap_base,wf_2025,2025-07-03 00:00:00+00:00,0,0,0,0
ou_vwap_base,wf_2025,2025-07-07 00:00:00+00:00,0,0,0,0
ou_vwap_base,wf_2025,2025-07-08 00:00:00+00:00,0,0,0,0
ou_vwap_base,wf_2025,2025-07-09 00:00:00+00:00,0,0,0,0
ou_vwap_base,wf_2025,2025-07-10 00:00:00+00:00,0,0,0,0
ou_vwap_base,wf_2025,2025-07-11 00:00:00+00:00,0,0,0,0
ou_vwap_base,wf_2025,2025-07-14 00:00:00+00:00,0,0.00427819895235,0,0.00142606631745
ou_vwap_base,wf_2025,2025-07-15 00:00:00+00:00,0,0.000987205673511,0,0.000329068557837
ou_vwap_base,wf_2025,2025-07-16 00:00:00+00:00,0,0.00117344252312,0,0.000391147507705
ou_vwap_base,wf_2025,2025-07-17 00:00:00+00:00,-0.00297111014656,-0.00284303807426,0,-0.00193804940694
ou_vwap_base,wf_2025,2025-07-18 00:00:00+00:00,-0.0001,-0.0001,0,-6.66666666667e-05
ou_vwap_base,wf_2025,2025-07-21 00:00:00+00:00,0,0,0,0
ou_vwap_base,wf_2025,2025-07-22 00:00:00+00:00,0,0,0,0
ou_vwap_base,wf_2025,2025-07-23 00:00:00+00:00,0,0,0,0
ou_vwap_base,wf_2025,2025-07-24 00:00:00+00:00,0,0,0,0
ou_vwap_base,wf_2025,2025-07-25 00:00:00+00:00,0,0,0,0
ou_vwap_base,wf_2025,2025-07-28 00:00:00+00:00,0,0,0,0
ou_vwap_base,wf_2025,2025-07-29 00:00:00+00:00,-0.000179597330577,0,0,-5.9865776859e-05
ou_vwap_base,wf_2025,2025-07-30 00:00:00+00:00,0.00240390388122,0.00291570948222,0,0.00177320445448
ou_vwap_base,wf_2025,2025-07-31 00:00:00+00:00,-0.00218515960646,-0.00177561088423,0,-0.00132025683023
ou_vwap_base,wf_2025,2025-08-01 00:00:00+00:00,0,-0.00285439196624,0.00498524497472,0.000710284336158
ou_vwap_base,wf_2025,2025-08-04 00:00:00+00:00,0,0,0,0
ou_vwap_base,wf_2025,2025-08-05 00:00:00+00:00,0,0,0,0
ou_vwap_base,wf_2025,2025-08-06 00:00:00+00:00,0,0,0,0
ou_vwap_base,wf_2025,2025-08-07 00:00:00+00:00,0,0,0,0
ou_vwap_base,wf_2025,2025-08-08 00:00:00+00:00,0,0,0,0
ou_vwap_base,wf_2025,2025-08-11 00:00:00+00:00,0,0,0,0
ou_vwap_base,wf_2025,2025-08-12 00:00:00+00:00,0,0,0,0
ou_vwap_base,wf_2025,2025-08-13 00:00:00+00:00,0,0,0,0
ou_vwap_base,wf_2025,2025-08-14 00:00:00+00:00,0,0,0,0
ou_vwap_base,wf_2025,2025-08-15 00:00:00+00:00,0,0,0,0
ou_vwap_base,wf_2025,2025-08-18 00:00:00+00:00,0,0,0,0
ou_vwap_base,wf_2025,2025-08-19 00:00:00+00:00,0,0,0,0
ou_vwap_base,wf_2025,2025-08-20 00:00:00+00:00,-0.00252303730727,-0.0115466534076,0,-0.00468989690495
ou_vwap_base,wf_2025,2025-08-21 00:00:00+00:00,0,0,0,0
ou_vwap_base,wf_2025,2025-08-22 00:00:00+00:00,-0.00929998082547,0.00201729091876,0,-0.00242756330224
ou_vwap_base,wf_2025,2025-08-25 00:00:00+00:00,-0.0001,0,0,-3.33333333333e-05
ou_vwap_base,wf_2025,2025-08-26 00:00:00+00:00,0,0,0,0
ou_vwap_base,wf_2025,2025-08-27 00:00:00+00:00,0,0,0,0
ou_vwap_base,wf_2025,2025-08-28 00:00:00+00:00,0,0,0,0
ou_vwap_base,wf_2025,2025-08-29 00:00:00+00:00,0,-0.00274940972921,0,-0.000916469909736
ou_vwap_base,wf_2025,2025-09-02 00:00:00+00:00,-0.000690394084605,0.002729034352,0.00249001257494,0.00150955094744
ou_vwap_base,wf_2025,2025-09-03 00:00:00+00:00,0,0,0,0
ou_vwap_base,wf_2025,2025-09-04 00:00:00+00:00,0,0,0,0
ou_vwap_base,wf_2025,2025-09-05 00:00:00+00:00,0,0,0.0132347314233,0.00441157714111
ou_vwap_base,wf_2025,2025-09-08 00:00:00+00:00,0,0,0,0
ou_vwap_base,wf_2025,2025-09-09 00:00:00+00:00,0,0,0,0
ou_vwap_base,wf_2025,2025-09-10 00:00:00+00:00,0,0,0,0
ou_vwap_base,wf_2025,2025-09-11 00:00:00+00:00,0,0,0,0
ou_vwap_base,wf_2025,2025-09-12 00:00:00+00:00,0,0,0,0
ou_vwap_base,wf_2025,2025-09-15 00:00:00+00:00,0,0,0,0
ou_vwap_base,wf_2025,2025-09-16 00:00:00+00:00,0,0,0,0
ou_vwap_base,wf_2025,2025-09-17 00:00:00+00:00,0,0.00845533781553,0,0.00281844593851
ou_vwap_base,wf_2025,2025-09-18 00:00:00+00:00,0.00309606943222,-0.000220950143298,-0.00229685979043,0.000192753166164
ou_vwap_base,wf_2025,2025-09-19 00:00:00+00:00,-0.0001,-0.0001,-0.0001,-0.0001
ou_vwap_base,wf_2025,2025-09-22 00:00:00+00:00,0,0,0,0
ou_vwap_base,wf_2025,2025-09-23 00:00:00+00:00,0.0008282649055,0,0,0.000276088301833
ou_vwap_base,wf_2025,2025-09-24 00:00:00+00:00,-0.0001,0,0,-3.33333333333e-05
ou_vwap_base,wf_2025,2025-09-25 00:00:00+00:00,0,0,0,0
ou_vwap_base,wf_2025,2025-09-26 00:00:00+00:00,0,0,0,0
ou_vwap_base,wf_2025,2025-09-29 00:00:00+00:00,0,0.00258909242353,0,0.000863030807843
ou_vwap_base,wf_2025,2025-09-30 00:00:00+00:00,0,0,0,0
ou_vwap_base,wf_2025,2025-10-01 00:00:00+00:00,0,0,0,0
ou_vwap_base,wf_2025,2025-10-02 00:00:00+00:00,0,0,0,0
ou_vwap_base,wf_2025,2025-10-03 00:00:00+00:00,0,0,0.00204028301087,0.000680094336958
ou_vwap_base,wf_2025,2025-10-06 00:00:00+00:00,0,0,0,0
ou_vwap_base,wf_2025,2025-10-07 00:00:00+00:00,0,0,-0.00273385592586,-0.000911285308619
ou_vwap_base,wf_2025,2025-10-08 00:00:00+00:00,0,0,-0.0001,-3.33333333333e-05
ou_vwap_base,wf_2025,2025-10-09 00:00:00+00:00,0,0,0,0
ou_vwap_base,wf_2025,2025-10-10 00:00:00+00:00,0,0,0,0
ou_vwap_base,wf_2025,2025-10-13 00:00:00+00:00,0,0,0,0
ou_vwap_base,wf_2025,2025-10-14 00:00:00+00:00,0,0,0,0
ou_vwap_base,wf_2025,2025-10-15 00:00:00+00:00,0,0,0,0
ou_vwap_base,wf_2025,2025-10-16 00:00:00+00:00,0,0,0,0
ou_vwap_base,wf_2025,2025-10-17 00:00:00+00:00,0,0,0,0
ou_vwap_base,wf_2025,2025-10-20 00:00:00+00:00,0,-0.00135401063761,0,-0.000451336879204
ou_vwap_base,wf_2025,2025-10-21 00:00:00+00:00,0,0,0,0
ou_vwap_base,wf_2025,2025-10-22 00:00:00+00:00,0,0,0,0
ou_vwap_base,wf_2025,2025-10-23 00:00:00+00:00,0,0,0,0
ou_vwap_base,wf_2025,2025-10-24 00:00:00+00:00,0,0,0,0
ou_vwap_base,wf_2025,2025-10-27 00:00:00+00:00,0,0,0,0
ou_vwap_base,wf_2025,2025-10-28 00:00:00+00:00,0,0,0,0
ou_vwap_base,wf_2025,2025-10-29 00:00:00+00:00,-0.000554490986506,0.00796658818755,0.0029704061685,0.00346083445652
ou_vwap_base,wf_2025,2025-10-30 00:00:00+00:00,-0.00383369459151,-0.00425436527172,-0.0001,-0.00272935328774
ou_vwap_base,wf_2025,2025-10-31 00:00:00+00:00,-0.0001,-0.0001,0,-6.66666666667e-05
ou_vwap_base,wf_2025,2025-11-03 00:00:00+00:00,0,0,0.00768691323393,0.00256230441131
ou_vwap_base,wf_2025,2025-11-04 00:00:00+00:00,-0.00252727259277,-0.00786636131869,0,-0.00346454463715
ou_vwap_base,wf_2025,2025-11-05 00:00:00+00:00,0.00255621460508,-0.0001,-0.00280018666613,-0.000114657353683
ou_vwap_base,wf_2025,2025-11-06 00:00:00+00:00,-0.0001,0.00489248845608,-0.0001,0.00156416281869
ou_vwap_base,wf_2025,2025-11-07 00:00:00+00:00,0,0,0,0
ou_vwap_base,wf_2025,2025-11-10 00:00:00+00:00,0,0,0,0
ou_vwap_base,wf_2025,2025-11-11 00:00:00+00:00,0,0,0,0
ou_vwap_base,wf_2025,2025-11-12 00:00:00+00:00,0,0,0,0
ou_vwap_base,wf_2025,2025-11-13 00:00:00+00:00,0,0,0,0
ou_vwap_base,wf_2025,2025-11-14 00:00:00+00:00,0,0,0,0
ou_vwap_base,wf_2025,2025-11-17 00:00:00+00:00,0,0,0,0
ou_vwap_base,wf_2025,2025-11-18 00:00:00+00:00,0,0,0,0
ou_vwap_base,wf_2025,2025-11-19 00:00:00+00:00,0,0,0,0
ou_vwap_base,wf_2025,2025-11-20 00:00:00+00:00,0.0135523764692,0.0118429458605,0,0.00846510744323
ou_vwap_base,wf_2025,2025-11-21 00:00:00+00:00,0,0,0,0
ou_vwap_base,wf_2025,2025-11-24 00:00:00+00:00,0,0,0,0
ou_vwap_base,wf_2025,2025-11-25 00:00:00+00:00,0,0,0,0
ou_vwap_base,wf_2025,2025-11-26 00:00:00+00:00,0,0,0,0
ou_vwap_base,wf_2025,2025-11-28 00:00:00+00:00,0,0,0,0
ou_vwap_base,wf_2025,2025-12-01 00:00:00+00:00,0,0,0,0
ou_vwap_base,wf_2025,2025-12-02 00:00:00+00:00,0,0,0,0
ou_vwap_base,wf_2025,2025-12-03 00:00:00+00:00,0,0,0,0
ou_vwap_base,wf_2025,2025-12-04 00:00:00+00:00,0,0,0,0
ou_vwap_base,wf_2025,2025-12-05 00:00:00+00:00,0.00392928510982,0.00558371406083,0,0.00317099972355
ou_vwap_base,wf_2025,2025-12-08 00:00:00+00:00,-0.00303754398393,0,0,-0.00101251466131
ou_vwap_base,wf_2025,2025-12-09 00:00:00+00:00,0,0,0,0
ou_vwap_base,wf_2025,2025-12-10 00:00:00+00:00,0,0,0.00261346667803,0.000871155559344
ou_vwap_base,wf_2025,2025-12-11 00:00:00+00:00,0,0,-0.00626618828134,-0.00208872942711
ou_vwap_base,wf_2025,2025-12-12 00:00:00+00:00,0.00296453356818,-0.00448020788707,-0.0015868688143,-0.0010341810444
ou_vwap_base,wf_2025,2025-12-15 00:00:00+00:00,0,-0.0001,-0.0001,-6.66666666667e-05
ou_vwap_base,wf_2025,2025-12-16 00:00:00+00:00,0,0,0,0
ou_vwap_base,wf_2025,2025-12-17 00:00:00+00:00,0,0,0,0
ou_vwap_base,wf_2025,2025-12-18 00:00:00+00:00,0.00358001472838,0.000646153725523,0,0.00140872281797
ou_vwap_base,wf_2025,2025-12-19 00:00:00+00:00,-0.00193471959481,-0.00162879487212,0.000151486603044,-0.00113734262129
ou_vwap_base,wf_2025,2025-12-22 00:00:00+00:00,-0.0001,-0.0001,-0.00115488344918,-0.000451627816395
ou_vwap_base,wf_2025,2025-12-23 00:00:00+00:00,0,0,0,0
ou_vwap_base,wf_2025,2025-12-24 00:00:00+00:00,0,0,0,0
ou_vwap_base,wf_2025,2025-12-26 00:00:00+00:00,4.20204533857e-06,0,0,1.40068177952e-06
ou_vwap_base,wf_2025,2025-12-29 00:00:00+00:00,-0.00096165669084,-0.00450113026436,0,-0.00182092898507
ou_vwap_base,wf_2025,2025-12-30 00:00:00+00:00,-0.0001,0,0,-3.33333333333e-05
ou_vwap_base,wf_2025,2025-12-31 00:00:00+00:00,0,0,0,0
ou_vwap_slow,wf_2022,2022-01-03 00:00:00+00:00,0,0,0,0
ou_vwap_slow,wf_2022,2022-01-04 00:00:00+00:00,0,0,0,0
ou_vwap_slow,wf_2022,2022-01-05 00:00:00+00:00,0,0,0,0
ou_vwap_slow,wf_2022,2022-01-06 00:00:00+00:00,0,0,0,0
ou_vwap_slow,wf_2022,2022-01-07 00:00:00+00:00,0,0,0,0
ou_vwap_slow,wf_2022,2022-01-10 00:00:00+00:00,0,0,0,0
ou_vwap_slow,wf_2022,2022-01-11 00:00:00+00:00,0,-0.00668935298304,0,-0.00222978432768
ou_vwap_slow,wf_2022,2022-01-12 00:00:00+00:00,0,0,0,0
ou_vwap_slow,wf_2022,2022-01-13 00:00:00+00:00,0,0,0,0
ou_vwap_slow,wf_2022,2022-01-14 00:00:00+00:00,0,0,0,0
ou_vwap_slow,wf_2022,2022-01-18 00:00:00+00:00,0,0,0,0
ou_vwap_slow,wf_2022,2022-01-19 00:00:00+00:00,0,0,0,0
ou_vwap_slow,wf_2022,2022-01-20 00:00:00+00:00,0,0,0,0
ou_vwap_slow,wf_2022,2022-01-21 00:00:00+00:00,0,0,0,0
ou_vwap_slow,wf_2022,2022-01-24 00:00:00+00:00,0,0,0,0
ou_vwap_slow,wf_2022,2022-01-25 00:00:00+00:00,0,0,0,0
ou_vwap_slow,wf_2022,2022-01-26 00:00:00+00:00,0.0238987460021,0.0264274279475,0.0219135522352,0.0240799087283
ou_vwap_slow,wf_2022,2022-01-27 00:00:00+00:00,0,0,0,0
ou_vwap_slow,wf_2022,2022-01-28 00:00:00+00:00,0,0,0,0
ou_vwap_slow,wf_2022,2022-01-31 00:00:00+00:00,0,0,0,0
ou_vwap_slow,wf_2022,2022-02-01 00:00:00+00:00,0,0,0,0
ou_vwap_slow,wf_2022,2022-02-02 00:00:00+00:00,0,0,0,0
ou_vwap_slow,wf_2022,2022-02-03 00:00:00+00:00,0,0,0,0
ou_vwap_slow,wf_2022,2022-02-04 00:00:00+00:00,0,0,0,0
ou_vwap_slow,wf_2022,2022-02-07 00:00:00+00:00,0,0,0,0
ou_vwap_slow,wf_2022,2022-02-08 00:00:00+00:00,0,0,0,0
ou_vwap_slow,wf_2022,2022-02-09 00:00:00+00:00,0,0,0,0
ou_vwap_slow,wf_2022,2022-02-10 00:00:00+00:00,0,0,0,0
ou_vwap_slow,wf_2022,2022-02-11 00:00:00+00:00,0,0,0,0
ou_vwap_slow,wf_2022,2022-02-14 00:00:00+00:00,0,0,0,0
ou_vwap_slow,wf_2022,2022-02-15 00:00:00+00:00,0,0,0,0
ou_vwap_slow,wf_2022,2022-02-16 00:00:00+00:00,0,0,0,0
ou_vwap_slow,wf_2022,2022-02-17 00:00:00+00:00,0,0,0,0
ou_vwap_slow,wf_2022,2022-02-18 00:00:00+00:00,0,0,0,0
ou_vwap_slow,wf_2022,2022-02-22 00:00:00+00:00,0,0,0,0
ou_vwap_slow,wf_2022,2022-02-23 00:00:00+00:00,0,0,0,0
ou_vwap_slow,wf_2022,2022-02-24 00:00:00+00:00,0,0,0,0
ou_vwap_slow,wf_2022,2022-02-25 00:00:00+00:00,0,0,0,0
ou_vwap_slow,wf_2022,2022-02-28 00:00:00+00:00,0,0,0,0
ou_vwap_slow,wf_2022,2022-03-01 00:00:00+00:00,0,0,0,0
ou_vwap_slow,wf_2022,2022-03-02 00:00:00+00:00,0,0,0,0
ou_vwap_slow,wf_2022,2022-03-03 00:00:00+00:00,0,0,0,0
ou_vwap_slow,wf_2022,2022-03-04 00:00:00+00:00,0,0,0,0
ou_vwap_slow,wf_2022,2022-03-07 00:00:00+00:00,0,0,0,0
ou_vwap_slow,wf_2022,2022-03-08 00:00:00+00:00,0,0,0,0
ou_vwap_slow,wf_2022,2022-03-09 00:00:00+00:00,0,0,0,0
ou_vwap_slow,wf_2022,2022-03-10 00:00:00+00:00,0,0,0,0
ou_vwap_slow,wf_2022,2022-03-11 00:00:00+00:00,0,0,0,0
ou_vwap_slow,wf_2022,2022-03-14 00:00:00+00:00,0,0,0,0
ou_vwap_slow,wf_2022,2022-03-15 00:00:00+00:00,0,0,0,0
ou_vwap_slow,wf_2022,2022-03-16 00:00:00+00:00,0,0,0,0
ou_vwap_slow,wf_2022,2022-03-17 00:00:00+00:00,0,0,0,0
ou_vwap_slow,wf_2022,2022-03-18 00:00:00+00:00,0,0,0,0
ou_vwap_slow,wf_2022,2022-03-21 00:00:00+00:00,0,0,0,0
ou_vwap_slow,wf_2022,2022-03-22 00:00:00+00:00,0,0,0,0
ou_vwap_slow,wf_2022,2022-03-23 00:00:00+00:00,0,0,0,0
ou_vwap_slow,wf_2022,2022-03-24 00:00:00+00:00,0,0,0,0
ou_vwap_slow,wf_2022,2022-03-25 00:00:00+00:00,0,0,0,0
ou_vwap_slow,wf_2022,2022-03-28 00:00:00+00:00,0,0,0,0
ou_vwap_slow,wf_2022,2022-03-29 00:00:00+00:00,0,0,0,0
ou_vwap_slow,wf_2022,2022-03-30 00:00:00+00:00,0,0,0,0
ou_vwap_slow,wf_2022,2022-03-31 00:00:00+00:00,0,0,0,0
ou_vwap_slow,wf_2022,2022-04-01 00:00:00+00:00,0,0,0,0
ou_vwap_slow,wf_2022,2022-04-04 00:00:00+00:00,0,0,0,0
ou_vwap_slow,wf_2022,2022-04-05 00:00:00+00:00,0,0,0,0
ou_vwap_slow,wf_2022,2022-04-06 00:00:00+00:00,0,0,0,0
ou_vwap_slow,wf_2022,2022-04-07 00:00:00+00:00,0,0,0,0
ou_vwap_slow,wf_2022,2022-04-08 00:00:00+00:00,0,0,0,0
ou_vwap_slow,wf_2022,2022-04-11 00:00:00+00:00,0,0,0,0
ou_vwap_slow,wf_2022,2022-04-12 00:00:00+00:00,0,0,0,0
ou_vwap_slow,wf_2022,2022-04-13 00:00:00+00:00,0,0,0,0
ou_vwap_slow,wf_2022,2022-04-14 00:00:00+00:00,0,0,0,0
ou_vwap_slow,wf_2022,2022-04-18 00:00:00+00:00,0,0,0,0
ou_vwap_slow,wf_2022,2022-04-19 00:00:00+00:00,0,0,0,0
ou_vwap_slow,wf_2022,2022-04-20 00:00:00+00:00,0,0,0,0
ou_vwap_slow,wf_2022,2022-04-21 00:00:00+00:00,0,0,0,0
ou_vwap_slow,wf_2022,2022-04-22 00:00:00+00:00,0,0,0,0
ou_vwap_slow,wf_2022,2022-04-25 00:00:00+00:00,0,0,0,0
ou_vwap_slow,wf_2022,2022-04-26 00:00:00+00:00,0,0,0,0
ou_vwap_slow,wf_2022,2022-04-27 00:00:00+00:00,0,0,0,0
ou_vwap_slow,wf_2022,2022-04-28 00:00:00+00:00,0,0,0,0
ou_vwap_slow,wf_2022,2022-04-29 00:00:00+00:00,0,0,0,0
ou_vwap_slow,wf_2022,2022-05-02 00:00:00+00:00,0,0,0,0
ou_vwap_slow,wf_2022,2022-05-03 00:00:00+00:00,0,0,0,0
ou_vwap_slow,wf_2022,2022-05-04 00:00:00+00:00,0,0,0,0
ou_vwap_slow,wf_2022,2022-05-05 00:00:00+00:00,0,0,0,0
ou_vwap_slow,wf_2022,2022-05-06 00:00:00+00:00,0,0,0,0
ou_vwap_slow,wf_2022,2022-05-09 00:00:00+00:00,0,0,0,0
ou_vwap_slow,wf_2022,2022-05-10 00:00:00+00:00,0,0,0,0
ou_vwap_slow,wf_2022,2022-05-11 00:00:00+00:00,0,0,0,0
ou_vwap_slow,wf_2022,2022-05-12 00:00:00+00:00,0,0,0,0
ou_vwap_slow,wf_2022,2022-05-13 00:00:00+00:00,0,0,0,0
ou_vwap_slow,wf_2022,2022-05-16 00:00:00+00:00,0,0,0,0
ou_vwap_slow,wf_2022,2022-05-17 00:00:00+00:00,0,0,0,0
ou_vwap_slow,wf_2022,2022-05-18 00:00:00+00:00,0,0,0,0
ou_vwap_slow,wf_2022,2022-05-19 00:00:00+00:00,0,0,0,0
ou_vwap_slow,wf_2022,2022-05-20 00:00:00+00:00,0,0,0,0
ou_vwap_slow,wf_2022,2022-05-23 00:00:00+00:00,0,0,0,0
ou_vwap_slow,wf_2022,2022-05-24 00:00:00+00:00,0,0,0,0
ou_vwap_slow,wf_2022,2022-05-25 00:00:00+00:00,0,0,0,0
ou_vwap_slow,wf_2022,2022-05-26 00:00:00+00:00,0,0,0,0
ou_vwap_slow,wf_2022,2022-05-27 00:00:00+00:00,0,0,0,0
ou_vwap_slow,wf_2022,2022-05-31 00:00:00+00:00,0,0,0,0
ou_vwap_slow,wf_2022,2022-06-01 00:00:00+00:00,0,0,0,0
ou_vwap_slow,wf_2022,2022-06-02 00:00:00+00:00,0,0,0,0
ou_vwap_slow,wf_2022,2022-06-03 00:00:00+00:00,0,0,0,0
ou_vwap_slow,wf_2022,2022-06-06 00:00:00+00:00,0,0,0,0
ou_vwap_slow,wf_2022,2022-06-07 00:00:00+00:00,0,0,0,0
ou_vwap_slow,wf_2022,2022-06-08 00:00:00+00:00,0,0,0,0
ou_vwap_slow,wf_2022,2022-06-09 00:00:00+00:00,-0.00756492175331,-0.00502492903314,0,-0.00419661692882
ou_vwap_slow,wf_2022,2022-06-10 00:00:00+00:00,-0.0001,-0.0134901006664,0,-0.00453003355548
ou_vwap_slow,wf_2022,2022-06-13 00:00:00+00:00,0,0,0,0
ou_vwap_slow,wf_2022,2022-06-14 00:00:00+00:00,0,0,0,0
ou_vwap_slow,wf_2022,2022-06-15 00:00:00+00:00,0,0,0,0
ou_vwap_slow,wf_2022,2022-06-16 00:00:00+00:00,0,0,0,0
ou_vwap_slow,wf_2022,2022-06-17 00:00:00+00:00,0,0,0,0
ou_vwap_slow,wf_2022,2022-06-21 00:00:00+00:00,0,0,0,0
ou_vwap_slow,wf_2022,2022-06-22 00:00:00+00:00,0,0,0,0
ou_vwap_slow,wf_2022,2022-06-23 00:00:00+00:00,0,0,0,0
ou_vwap_slow,wf_2022,2022-06-24 00:00:00+00:00,0,0,0,0
ou_vwap_slow,wf_2022,2022-06-27 00:00:00+00:00,0,0,0,0
ou_vwap_slow,wf_2022,2022-06-28 00:00:00+00:00,0,0,0,0
ou_vwap_slow,wf_2022,2022-06-29 00:00:00+00:00,0,0,0,0
ou_vwap_slow,wf_2022,2022-06-30 00:00:00+00:00,0,0,0,0
ou_vwap_slow,wf_2022,2022-07-01 00:00:00+00:00,0,0,0,0
ou_vwap_slow,wf_2022,2022-07-05 00:00:00+00:00,0,0,0,0
ou_vwap_slow,wf_2022,2022-07-06 00:00:00+00:00,0,0,0,0
ou_vwap_slow,wf_2022,2022-07-07 00:00:00+00:00,0,0,0,0
ou_vwap_slow,wf_2022,2022-07-08 00:00:00+00:00,0,0,0,0
ou_vwap_slow,wf_2022,2022-07-11 00:00:00+00:00,0,0,0,0
ou_vwap_slow,wf_2022,2022-07-12 00:00:00+00:00,0,0,0,0
ou_vwap_slow,wf_2022,2022-07-13 00:00:00+00:00,0,0,0,0
ou_vwap_slow,wf_2022,2022-07-14 00:00:00+00:00,0,0,0,0
ou_vwap_slow,wf_2022,2022-07-15 00:00:00+00:00,0,0,0,0
ou_vwap_slow,wf_2022,2022-07-18 00:00:00+00:00,0,0,0,0
ou_vwap_slow,wf_2022,2022-07-19 00:00:00+00:00,0,0,0,0
ou_vwap_slow,wf_2022,2022-07-20 00:00:00+00:00,0,0,0,0
ou_vwap_slow,wf_2022,2022-07-21 00:00:00+00:00,0,0,0,0
ou_vwap_slow,wf_2022,2022-07-22 00:00:00+00:00,0,0,0,0
ou_vwap_slow,wf_2022,2022-07-25 00:00:00+00:00,0,0,0,0
ou_vwap_slow,wf_2022,2022-07-26 00:00:00+00:00,0,0,0,0
ou_vwap_slow,wf_2022,2022-07-27 00:00:00+00:00,0,0,0,0
ou_vwap_slow,wf_2022,2022-07-28 00:00:00+00:00,0,0,0,0
ou_vwap_slow,wf_2022,2022-07-29 00:00:00+00:00,0,0,0,0
ou_vwap_slow,wf_2022,2022-08-01 00:00:00+00:00,0,0,0,0
ou_vwap_slow,wf_2022,2022-08-02 00:00:00+00:00,0,0,0,0
ou_vwap_slow,wf_2022,2022-08-03 00:00:00+00:00,0,0,0,0
ou_vwap_slow,wf_2022,2022-08-04 00:00:00+00:00,0,0,0,0
ou_vwap_slow,wf_2022,2022-08-05 00:00:00+00:00,0,0,0,0
ou_vwap_slow,wf_2022,2022-08-08 00:00:00+00:00,0,0,-0.00144803363163,-0.000482677877209
ou_vwap_slow,wf_2022,2022-08-09 00:00:00+00:00,0,0,0,0
ou_vwap_slow,wf_2022,2022-08-10 00:00:00+00:00,0,0,0,0
ou_vwap_slow,wf_2022,2022-08-11 00:00:00+00:00,0,0,0,0
ou_vwap_slow,wf_2022,2022-08-12 00:00:00+00:00,0,0,0,0
ou_vwap_slow,wf_2022,2022-08-15 00:00:00+00:00,0,0,0,0
ou_vwap_slow,wf_2022,2022-08-16 00:00:00+00:00,0,0,0,0
ou_vwap_slow,wf_2022,2022-08-17 00:00:00+00:00,0,0,0,0
ou_vwap_slow,wf_2022,2022-08-18 00:00:00+00:00,0,0,0,0
ou_vwap_slow,wf_2022,2022-08-19 00:00:00+00:00,0,0,0,0
ou_vwap_slow,wf_2022,2022-08-22 00:00:00+00:00,0,0,0,0
ou_vwap_slow,wf_2022,2022-08-23 00:00:00+00:00,0,0,0,0
ou_vwap_slow,wf_2022,2022-08-24 00:00:00+00:00,0,0,0,0
ou_vwap_slow,wf_2022,2022-08-25 00:00:00+00:00,0,0,0,0
ou_vwap_slow,wf_2022,2022-08-26 00:00:00+00:00,0,0,0,0
ou_vwap_slow,wf_2022,2022-08-29 00:00:00+00:00,0,0,0,0
ou_vwap_slow,wf_2022,2022-08-30 00:00:00+00:00,0,0,0,0
ou_vwap_slow,wf_2022,2022-08-31 00:00:00+00:00,0,0,0,0
ou_vwap_slow,wf_2022,2022-09-01 00:00:00+00:00,0,0,0,0
ou_vwap_slow,wf_2022,2022-09-02 00:00:00+00:00,0,0,0,0
ou_vwap_slow,wf_2022,2022-09-06 00:00:00+00:00,0,0,0,0
ou_vwap_slow,wf_2022,2022-09-07 00:00:00+00:00,0,0,0,0
ou_vwap_slow,wf_2022,2022-09-08 00:00:00+00:00,0,0,0,0
ou_vwap_slow,wf_2022,2022-09-09 00:00:00+00:00,0,0,0,0
ou_vwap_slow,wf_2022,2022-09-12 00:00:00+00:00,0,0,0,0
ou_vwap_slow,wf_2022,2022-09-13 00:00:00+00:00,0,0,0,0
ou_vwap_slow,wf_2022,2022-09-14 00:00:00+00:00,0,0,0,0
ou_vwap_slow,wf_2022,2022-09-15 00:00:00+00:00,0,0,0,0
ou_vwap_slow,wf_2022,2022-09-16 00:00:00+00:00,0,0,0,0
ou_vwap_slow,wf_2022,2022-09-19 00:00:00+00:00,0,0,0,0
ou_vwap_slow,wf_2022,2022-09-20 00:00:00+00:00,0,0,0,0
ou_vwap_slow,wf_2022,2022-09-21 00:00:00+00:00,0,0,0,0
ou_vwap_slow,wf_2022,2022-09-22 00:00:00+00:00,0,0,0,0
ou_vwap_slow,wf_2022,2022-09-23 00:00:00+00:00,0,0,0,0
ou_vwap_slow,wf_2022,2022-09-26 00:00:00+00:00,0,0,0,0
ou_vwap_slow,wf_2022,2022-09-27 00:00:00+00:00,0,0,0,0
ou_vwap_slow,wf_2022,2022-09-28 00:00:00+00:00,0,0,0,0
ou_vwap_slow,wf_2022,2022-09-29 00:00:00+00:00,0,0,0,0
ou_vwap_slow,wf_2022,2022-09-30 00:00:00+00:00,0,0,0,0
ou_vwap_slow,wf_2022,2022-10-03 00:00:00+00:00,0,0,0,0
ou_vwap_slow,wf_2022,2022-10-04 00:00:00+00:00,0,0,0,0
ou_vwap_slow,wf_2022,2022-10-05 00:00:00+00:00,0,0,0,0
ou_vwap_slow,wf_2022,2022-10-06 00:00:00+00:00,0,0,0,0
ou_vwap_slow,wf_2022,2022-10-07 00:00:00+00:00,0,0,0,0
ou_vwap_slow,wf_2022,2022-10-10 00:00:00+00:00,0,0,0,0
ou_vwap_slow,wf_2022,2022-10-11 00:00:00+00:00,0,0,0,0
ou_vwap_slow,wf_2022,2022-10-12 00:00:00+00:00,0,0,0,0
ou_vwap_slow,wf_2022,2022-10-13 00:00:00+00:00,0,0,0,0
ou_vwap_slow,wf_2022,2022-10-14 00:00:00+00:00,0,0,0,0
ou_vwap_slow,wf_2022,2022-10-17 00:00:00+00:00,0,0,0,0
ou_vwap_slow,wf_2022,2022-10-18 00:00:00+00:00,0,0,0.018489378138,0.00616312604599
ou_vwap_slow,wf_2022,2022-10-19 00:00:00+00:00,0,0,0,0
ou_vwap_slow,wf_2022,2022-10-20 00:00:00+00:00,0,0,0,0
ou_vwap_slow,wf_2022,2022-10-21 00:00:00+00:00,0,0,0,0
ou_vwap_slow,wf_2022,2022-10-24 00:00:00+00:00,0,0,0,0
ou_vwap_slow,wf_2022,2022-10-25 00:00:00+00:00,0,0,0,0
ou_vwap_slow,wf_2022,2022-10-26 00:00:00+00:00,0,0,0,0
ou_vwap_slow,wf_2022,2022-10-27 00:00:00+00:00,0,0,0,0
ou_vwap_slow,wf_2022,2022-10-28 00:00:00+00:00,0,0,0,0
ou_vwap_slow,wf_2022,2022-10-31 00:00:00+00:00,0,0,0,0
ou_vwap_slow,wf_2022,2022-11-01 00:00:00+00:00,0,0,0,0
ou_vwap_slow,wf_2022,2022-11-02 00:00:00+00:00,0,0,0.0186216296746,0.00620720989152
ou_vwap_slow,wf_2022,2022-11-03 00:00:00+00:00,0,0,0,0
ou_vwap_slow,wf_2022,2022-11-04 00:00:00+00:00,0,0,0,0
ou_vwap_slow,wf_2022,2022-11-07 00:00:00+00:00,0,0,0,0
ou_vwap_slow,wf_2022,2022-11-08 00:00:00+00:00,0,0,0,0
ou_vwap_slow,wf_2022,2022-11-09 00:00:00+00:00,0,0,0,0
ou_vwap_slow,wf_2022,2022-11-10 00:00:00+00:00,0,0,0.00145198402153,0.000483994673845
ou_vwap_slow,wf_2022,2022-11-11 00:00:00+00:00,0,0,0,0
ou_vwap_slow,wf_2022,2022-11-14 00:00:00+00:00,0,0,0,0
ou_vwap_slow,wf_2022,2022-11-15 00:00:00+00:00,0,0,0,0
ou_vwap_slow,wf_2022,2022-11-16 00:00:00+00:00,0,0,0,0
ou_vwap_slow,wf_2022,2022-11-17 00:00:00+00:00,0,0,0,0
ou_vwap_slow,wf_2022,2022-11-18 00:00:00+00:00,0,0,0,0
ou_vwap_slow,wf_2022,2022-11-21 00:00:00+00:00,0,0,0,0
ou_vwap_slow,wf_2022,2022-11-22 00:00:00+00:00,0,0,0,0
ou_vwap_slow,wf_2022,2022-11-23 00:00:00+00:00,0,0,0,0
ou_vwap_slow,wf_2022,2022-11-25 00:00:00+00:00,0,0,0,0
ou_vwap_slow,wf_2022,2022-11-28 00:00:00+00:00,0,0,0,0
ou_vwap_slow,wf_2022,2022-11-29 00:00:00+00:00,0,0,0,0
ou_vwap_slow,wf_2022,2022-11-30 00:00:00+00:00,0,0,0,0
ou_vwap_slow,wf_2022,2022-12-01 00:00:00+00:00,0,0,0,0
ou_vwap_slow,wf_2022,2022-12-02 00:00:00+00:00,0,0,0,0
ou_vwap_slow,wf_2022,2022-12-05 00:00:00+00:00,0,0,0,0
ou_vwap_slow,wf_2022,2022-12-06 00:00:00+00:00,0,0,0,0
ou_vwap_slow,wf_2022,2022-12-07 00:00:00+00:00,0,0,0,0
ou_vwap_slow,wf_2022,2022-12-08 00:00:00+00:00,0,0,0,0
ou_vwap_slow,wf_2022,2022-12-09 00:00:00+00:00,0,0,0,0
ou_vwap_slow,wf_2022,2022-12-12 00:00:00+00:00,0,0,0,0
ou_vwap_slow,wf_2022,2022-12-13 00:00:00+00:00,0.011074912108,0.0311439796922,0.0246968666798,0.0223052528267
ou_vwap_slow,wf_2022,2022-12-14 00:00:00+00:00,0,0,-0.0001,-3.33333333333e-05
ou_vwap_slow,wf_2022,2022-12-15 00:00:00+00:00,0,0,0,0
ou_vwap_slow,wf_2022,2022-12-16 00:00:00+00:00,0,0,0,0
ou_vwap_slow,wf_2022,2022-12-19 00:00:00+00:00,0,0,0,0
ou_vwap_slow,wf_2022,2022-12-20 00:00:00+00:00,0,0,0,0
ou_vwap_slow,wf_2022,2022-12-21 00:00:00+00:00,0,0,0,0
ou_vwap_slow,wf_2022,2022-12-22 00:00:00+00:00,0,0,0,0
ou_vwap_slow,wf_2022,2022-12-23 00:00:00+00:00,0,0,0,0
ou_vwap_slow,wf_2022,2022-12-27 00:00:00+00:00,0,0,0,0
ou_vwap_slow,wf_2022,2022-12-28 00:00:00+00:00,0,0,0,0
ou_vwap_slow,wf_2022,2022-12-29 00:00:00+00:00,0,0,0,0
ou_vwap_slow,wf_2022,2022-12-30 00:00:00+00:00,0,0,0,0
ou_vwap_slow,wf_2023,2023-01-03 00:00:00+00:00,0,0,0,0
ou_vwap_slow,wf_2023,2023-01-04 00:00:00+00:00,0,0,0,0
ou_vwap_slow,wf_2023,2023-01-05 00:00:00+00:00,0,0,0,0
ou_vwap_slow,wf_2023,2023-01-06 00:00:00+00:00,0,0,0,0
ou_vwap_slow,wf_2023,2023-01-09 00:00:00+00:00,0,0,0,0
ou_vwap_slow,wf_2023,2023-01-10 00:00:00+00:00,0,0,0,0
ou_vwap_slow,wf_2023,2023-01-11 00:00:00+00:00,0,0,0,0
ou_vwap_slow,wf_2023,2023-01-12 00:00:00+00:00,0,0,0,0
ou_vwap_slow,wf_2023,2023-01-13 00:00:00+00:00,0,0,0,0
ou_vwap_slow,wf_2023,2023-01-17 00:00:00+00:00,0,0,0,0
ou_vwap_slow,wf_2023,2023-01-18 00:00:00+00:00,0,0,0.000587953262412,0.000195984420804
ou_vwap_slow,wf_2023,2023-01-19 00:00:00+00:00,0,-0.00467635676544,0,-0.00155878558848
ou_vwap_slow,wf_2023,2023-01-20 00:00:00+00:00,0,0,0,0
ou_vwap_slow,wf_2023,2023-01-23 00:00:00+00:00,0,0,0,0
ou_vwap_slow,wf_2023,2023-01-24 00:00:00+00:00,0,0,0,0
ou_vwap_slow,wf_2023,2023-01-25 00:00:00+00:00,0,0,0,0
ou_vwap_slow,wf_2023,2023-01-26 00:00:00+00:00,0,0,0,0
ou_vwap_slow,wf_2023,2023-01-27 00:00:00+00:00,0,0,0,0
ou_vwap_slow,wf_2023,2023-01-30 00:00:00+00:00,0,0,0,0
ou_vwap_slow,wf_2023,2023-01-31 00:00:00+00:00,0,0,0,0
ou_vwap_slow,wf_2023,2023-02-01 00:00:00+00:00,0,0,0,0
ou_vwap_slow,wf_2023,2023-02-02 00:00:00+00:00,0,0,0.000620194079638,0.000206731359879
ou_vwap_slow,wf_2023,2023-02-03 00:00:00+00:00,0,0,-0.0001,-3.33333333333e-05
ou_vwap_slow,wf_2023,2023-02-06 00:00:00+00:00,0,0,-0.00315200028619,-0.00105066676206
ou_vwap_slow,wf_2023,2023-02-07 00:00:00+00:00,0,0,-0.0001,-3.33333333333e-05
ou_vwap_slow,wf_2023,2023-02-08 00:00:00+00:00,0,0,0,0
ou_vwap_slow,wf_2023,2023-02-09 00:00:00+00:00,0,0,0,0
ou_vwap_slow,wf_2023,2023-02-10 00:00:00+00:00,0,0,0,0
ou_vwap_slow,wf_2023,2023-02-13 00:00:00+00:00,0,0,0,0
ou_vwap_slow,wf_2023,2023-02-14 00:00:00+00:00,0,0,0,0
ou_vwap_slow,wf_2023,2023-02-15 00:00:00+00:00,0,0,0,0
ou_vwap_slow,wf_2023,2023-02-16 00:00:00+00:00,0,0,0,0
ou_vwap_slow,wf_2023,2023-02-17 00:00:00+00:00,0.00080783668596,0,0,0.00026927889532
ou_vwap_slow,wf_2023,2023-02-21 00:00:00+00:00,0,0,0,0
ou_vwap_slow,wf_2023,2023-02-22 00:00:00+00:00,0,0,0,0
ou_vwap_slow,wf_2023,2023-02-23 00:00:00+00:00,0,0,0,0
ou_vwap_slow,wf_2023,2023-02-24 00:00:00+00:00,0,0,0,0
ou_vwap_slow,wf_2023,2023-02-27 00:00:00+00:00,0,0,0,0
ou_vwap_slow,wf_2023,2023-02-28 00:00:00+00:00,0,0,0,0
ou_vwap_slow,wf_2023,2023-03-01 00:00:00+00:00,0,0,0,0
ou_vwap_slow,wf_2023,2023-03-02 00:00:00+00:00,0,0,0,0
ou_vwap_slow,wf_2023,2023-03-03 00:00:00+00:00,0,0,0,0
ou_vwap_slow,wf_2023,2023-03-06 00:00:00+00:00,0,0,0,0
ou_vwap_slow,wf_2023,2023-03-07 00:00:00+00:00,0,0,0,0
ou_vwap_slow,wf_2023,2023-03-08 00:00:00+00:00,0,0,0,0
ou_vwap_slow,wf_2023,2023-03-09 00:00:00+00:00,0,0,0,0
ou_vwap_slow,wf_2023,2023-03-10 00:00:00+00:00,0,0,0,0
ou_vwap_slow,wf_2023,2023-03-13 00:00:00+00:00,0,0,0,0
ou_vwap_slow,wf_2023,2023-03-14 00:00:00+00:00,0,0,0,0
ou_vwap_slow,wf_2023,2023-03-15 00:00:00+00:00,0,0,0,0
ou_vwap_slow,wf_2023,2023-03-16 00:00:00+00:00,0,0,0,0
ou_vwap_slow,wf_2023,2023-03-17 00:00:00+00:00,0,0,0,0
ou_vwap_slow,wf_2023,2023-03-20 00:00:00+00:00,0,0,0,0
ou_vwap_slow,wf_2023,2023-03-21 00:00:00+00:00,0,0,0,0
ou_vwap_slow,wf_2023,2023-03-22 00:00:00+00:00,0,0,0,0
ou_vwap_slow,wf_2023,2023-03-23 00:00:00+00:00,0,0,0,0
ou_vwap_slow,wf_2023,2023-03-24 00:00:00+00:00,0,0,0,0
ou_vwap_slow,wf_2023,2023-03-27 00:00:00+00:00,0,0,0,0
ou_vwap_slow,wf_2023,2023-03-28 00:00:00+00:00,0,0,0,0
ou_vwap_slow,wf_2023,2023-03-29 00:00:00+00:00,0,0,0,0
ou_vwap_slow,wf_2023,2023-03-30 00:00:00+00:00,0,0,0,0
ou_vwap_slow,wf_2023,2023-03-31 00:00:00+00:00,0,0,0,0
ou_vwap_slow,wf_2023,2023-04-03 00:00:00+00:00,0,0,0,0
ou_vwap_slow,wf_2023,2023-04-04 00:00:00+00:00,0,0,0,0
ou_vwap_slow,wf_2023,2023-04-05 00:00:00+00:00,0,0,0,0
ou_vwap_slow,wf_2023,2023-04-06 00:00:00+00:00,0,0,0,0
ou_vwap_slow,wf_2023,2023-04-10 00:00:00+00:00,0,0,0,0
ou_vwap_slow,wf_2023,2023-04-11 00:00:00+00:00,0,0,0,0
ou_vwap_slow,wf_2023,2023-04-12 00:00:00+00:00,0,0,0,0
ou_vwap_slow,wf_2023,2023-04-13 00:00:00+00:00,0,0,0,0
ou_vwap_slow,wf_2023,2023-04-14 00:00:00+00:00,0,0,0,0
ou_vwap_slow,wf_2023,2023-04-17 00:00:00+00:00,0,0,0,0
ou_vwap_slow,wf_2023,2023-04-18 00:00:00+00:00,0,0,0,0
ou_vwap_slow,wf_2023,2023-04-19 00:00:00+00:00,0,0,0,0
ou_vwap_slow,wf_2023,2023-04-20 00:00:00+00:00,0,0,0,0
ou_vwap_slow,wf_2023,2023-04-21 00:00:00+00:00,0,0,0,0
ou_vwap_slow,wf_2023,2023-04-24 00:00:00+00:00,0,0,0,0
ou_vwap_slow,wf_2023,2023-04-25 00:00:00+00:00,-0.00148331410878,0,0,-0.00049443803626
ou_vwap_slow,wf_2023,2023-04-26 00:00:00+00:00,-0.0001,0,0,-3.33333333333e-05
ou_vwap_slow,wf_2023,2023-04-27 00:00:00+00:00,0,-0.00417441026727,0,-0.00139147008909
ou_vwap_slow,wf_2023,2023-04-28 00:00:00+00:00,0,0,0,0
ou_vwap_slow,wf_2023,2023-05-01 00:00:00+00:00,0,0,0,0
ou_vwap_slow,wf_2023,2023-05-02 00:00:00+00:00,0,0,0,0
ou_vwap_slow,wf_2023,2023-05-03 00:00:00+00:00,0,0,0,0
ou_vwap_slow,wf_2023,2023-05-04 00:00:00+00:00,0,0,0,0
ou_vwap_slow,wf_2023,2023-05-05 00:00:00+00:00,0,0,0,0
ou_vwap_slow,wf_2023,2023-05-08 00:00:00+00:00,0,0,0,0
ou_vwap_slow,wf_2023,2023-05-09 00:00:00+00:00,0,0,0,0
ou_vwap_slow,wf_2023,2023-05-10 00:00:00+00:00,0,0,0,0
ou_vwap_slow,wf_2023,2023-05-11 00:00:00+00:00,0,0,0,0
ou_vwap_slow,wf_2023,2023-05-12 00:00:00+00:00,0,0,0,0
ou_vwap_slow,wf_2023,2023-05-15 00:00:00+00:00,0,0,0,0
ou_vwap_slow,wf_2023,2023-05-16 00:00:00+00:00,0,0,0,0
ou_vwap_slow,wf_2023,2023-05-17 00:00:00+00:00,0,0,0,0
ou_vwap_slow,wf_2023,2023-05-18 00:00:00+00:00,-0.0014247299009,0,0,-0.000474909966967
ou_vwap_slow,wf_2023,2023-05-19 00:00:00+00:00,0,0,0,0
ou_vwap_slow,wf_2023,2023-05-22 00:00:00+00:00,0,0,0,0
ou_vwap_slow,wf_2023,2023-05-23 00:00:00+00:00,0,0,0,0
ou_vwap_slow,wf_2023,2023-05-24 00:00:00+00:00,0,0,0,0
ou_vwap_slow,wf_2023,2023-05-25 00:00:00+00:00,0,0,0,0
ou_vwap_slow,wf_2023,2023-05-26 00:00:00+00:00,0,0,0,0
ou_vwap_slow,wf_2023,2023-05-30 00:00:00+00:00,0,0,0,0
ou_vwap_slow,wf_2023,2023-05-31 00:00:00+00:00,0,0,0,0
ou_vwap_slow,wf_2023,2023-06-01 00:00:00+00:00,0,0,0,0
ou_vwap_slow,wf_2023,2023-06-02 00:00:00+00:00,0,0,0,0
ou_vwap_slow,wf_2023,2023-06-05 00:00:00+00:00,0,0,0,0
ou_vwap_slow,wf_2023,2023-06-06 00:00:00+00:00,0,0,0,0
ou_vwap_slow,wf_2023,2023-06-07 00:00:00+00:00,0,0,0,0
ou_vwap_slow,wf_2023,2023-06-08 00:00:00+00:00,0,0,0,0
ou_vwap_slow,wf_2023,2023-06-09 00:00:00+00:00,0,0,0,0
ou_vwap_slow,wf_2023,2023-06-12 00:00:00+00:00,0,0,0,0
ou_vwap_slow,wf_2023,2023-06-13 00:00:00+00:00,0,0,0,0
ou_vwap_slow,wf_2023,2023-06-14 00:00:00+00:00,0,0,0,0
ou_vwap_slow,wf_2023,2023-06-15 00:00:00+00:00,0,0,0,0
ou_vwap_slow,wf_2023,2023-06-16 00:00:00+00:00,0,0,0,0
ou_vwap_slow,wf_2023,2023-06-20 00:00:00+00:00,0,0,0,0
ou_vwap_slow,wf_2023,2023-06-21 00:00:00+00:00,0,0,0,0
ou_vwap_slow,wf_2023,2023-06-22 00:00:00+00:00,0,0,0,0
ou_vwap_slow,wf_2023,2023-06-23 00:00:00+00:00,0,0,0,0
ou_vwap_slow,wf_2023,2023-06-26 00:00:00+00:00,0,0,0,0
ou_vwap_slow,wf_2023,2023-06-27 00:00:00+00:00,0,0,-0.003566135527,-0.00118871184233
ou_vwap_slow,wf_2023,2023-06-28 00:00:00+00:00,0,0,-0.0001,-3.33333333333e-05
ou_vwap_slow,wf_2023,2023-06-29 00:00:00+00:00,0,0,0,0
ou_vwap_slow,wf_2023,2023-06-30 00:00:00+00:00,0,0,0,0
ou_vwap_slow,wf_2023,2023-07-03 00:00:00+00:00,0,0,0,0
ou_vwap_slow,wf_2023,2023-07-05 00:00:00+00:00,0,0,0,0
ou_vwap_slow,wf_2023,2023-07-06 00:00:00+00:00,0,0,0,0
ou_vwap_slow,wf_2023,2023-07-07 00:00:00+00:00,0,0,0,0
ou_vwap_slow,wf_2023,2023-07-10 00:00:00+00:00,0,0,0,0
ou_vwap_slow,wf_2023,2023-07-11 00:00:00+00:00,0,0,0,0
ou_vwap_slow,wf_2023,2023-07-12 00:00:00+00:00,0,0,0,0
ou_vwap_slow,wf_2023,2023-07-13 00:00:00+00:00,0,0,0,0
ou_vwap_slow,wf_2023,2023-07-14 00:00:00+00:00,0,0,0,0
ou_vwap_slow,wf_2023,2023-07-17 00:00:00+00:00,0,0,0,0
ou_vwap_slow,wf_2023,2023-07-18 00:00:00+00:00,0,0,0,0
ou_vwap_slow,wf_2023,2023-07-19 00:00:00+00:00,0,0,0,0
ou_vwap_slow,wf_2023,2023-07-20 00:00:00+00:00,0,0,0,0
ou_vwap_slow,wf_2023,2023-07-21 00:00:00+00:00,0,0,0,0
ou_vwap_slow,wf_2023,2023-07-24 00:00:00+00:00,0,0,0,0
ou_vwap_slow,wf_2023,2023-07-25 00:00:00+00:00,0,0,0,0
ou_vwap_slow,wf_2023,2023-07-26 00:00:00+00:00,0,0,0,0
ou_vwap_slow,wf_2023,2023-07-27 00:00:00+00:00,0,0,0,0
ou_vwap_slow,wf_2023,2023-07-28 00:00:00+00:00,0,0,0,0
ou_vwap_slow,wf_2023,2023-07-31 00:00:00+00:00,0,0,-0.00403059824335,-0.00134353274778
ou_vwap_slow,wf_2023,2023-08-01 00:00:00+00:00,0,0,-0.0001,-3.33333333333e-05
ou_vwap_slow,wf_2023,2023-08-02 00:00:00+00:00,-0.00660597034735,-0.00432106775805,0.00298915007099,-0.00264596267813
ou_vwap_slow,wf_2023,2023-08-03 00:00:00+00:00,-0.0001,-0.0001,-0.0001,-0.0001
ou_vwap_slow,wf_2023,2023-08-04 00:00:00+00:00,0,0,0,0
ou_vwap_slow,wf_2023,2023-08-07 00:00:00+00:00,0,0,0,0
ou_vwap_slow,wf_2023,2023-08-08 00:00:00+00:00,0,0,0,0
ou_vwap_slow,wf_2023,2023-08-09 00:00:00+00:00,0,0,0,0
ou_vwap_slow,wf_2023,2023-08-10 00:00:00+00:00,0,0,0,0
ou_vwap_slow,wf_2023,2023-08-11 00:00:00+00:00,0,0,0,0
ou_vwap_slow,wf_2023,2023-08-14 00:00:00+00:00,0,0,0,0
ou_vwap_slow,wf_2023,2023-08-15 00:00:00+00:00,0,0,0,0
ou_vwap_slow,wf_2023,2023-08-16 00:00:00+00:00,0,0,0,0
ou_vwap_slow,wf_2023,2023-08-17 00:00:00+00:00,0,0,0,0
ou_vwap_slow,wf_2023,2023-08-18 00:00:00+00:00,0,0,0,0
ou_vwap_slow,wf_2023,2023-08-21 00:00:00+00:00,0,0,0,0
ou_vwap_slow,wf_2023,2023-08-22 00:00:00+00:00,0,0,0,0
ou_vwap_slow,wf_2023,2023-08-23 00:00:00+00:00,0,0,0,0
ou_vwap_slow,wf_2023,2023-08-24 00:00:00+00:00,0,0,0,0
ou_vwap_slow,wf_2023,2023-08-25 00:00:00+00:00,0,0,0,0
ou_vwap_slow,wf_2023,2023-08-28 00:00:00+00:00,0,0,0,0
ou_vwap_slow,wf_2023,2023-08-29 00:00:00+00:00,0,0,0,0
ou_vwap_slow,wf_2023,2023-08-30 00:00:00+00:00,0,0,0,0
ou_vwap_slow,wf_2023,2023-08-31 00:00:00+00:00,0,0,0,0
ou_vwap_slow,wf_2023,2023-09-01 00:00:00+00:00,0,0,0,0
ou_vwap_slow,wf_2023,2023-09-05 00:00:00+00:00,0,0,0,0
ou_vwap_slow,wf_2023,2023-09-06 00:00:00+00:00,0,0,0,0
ou_vwap_slow,wf_2023,2023-09-07 00:00:00+00:00,0,0,0,0
ou_vwap_slow,wf_2023,2023-09-08 00:00:00+00:00,0,0,0,0
ou_vwap_slow,wf_2023,2023-09-11 00:00:00+00:00,0,0,0,0
ou_vwap_slow,wf_2023,2023-09-12 00:00:00+00:00,0,0,0,0
ou_vwap_slow,wf_2023,2023-09-13 00:00:00+00:00,0,0,0,0
ou_vwap_slow,wf_2023,2023-09-14 00:00:00+00:00,0,0,0,0
ou_vwap_slow,wf_2023,2023-09-15 00:00:00+00:00,0,0,0,0
ou_vwap_slow,wf_2023,2023-09-18 00:00:00+00:00,0,0,0,0
ou_vwap_slow,wf_2023,2023-09-19 00:00:00+00:00,0,0,0,0
ou_vwap_slow,wf_2023,2023-09-20 00:00:00+00:00,0,0,0,0
ou_vwap_slow,wf_2023,2023-09-21 00:00:00+00:00,0,0,-0.00136653027883,-0.000455510092944
ou_vwap_slow,wf_2023,2023-09-22 00:00:00+00:00,0,0,0,0
ou_vwap_slow,wf_2023,2023-09-25 00:00:00+00:00,0,0,0,0
ou_vwap_slow,wf_2023,2023-09-26 00:00:00+00:00,0,0,0,0
ou_vwap_slow,wf_2023,2023-09-27 00:00:00+00:00,0,0,0,0
ou_vwap_slow,wf_2023,2023-09-28 00:00:00+00:00,0,0,0,0
ou_vwap_slow,wf_2023,2023-09-29 00:00:00+00:00,0,0,0,0
ou_vwap_slow,wf_2023,2023-10-02 00:00:00+00:00,0,0,0,0
ou_vwap_slow,wf_2023,2023-10-03 00:00:00+00:00,0,0,0,0
ou_vwap_slow,wf_2023,2023-10-04 00:00:00+00:00,0,0,0,0
ou_vwap_slow,wf_2023,2023-10-05 00:00:00+00:00,0,0,0,0
ou_vwap_slow,wf_2023,2023-10-06 00:00:00+00:00,0,0,0,0
ou_vwap_slow,wf_2023,2023-10-09 00:00:00+00:00,0,0,0,0
ou_vwap_slow,wf_2023,2023-10-10 00:00:00+00:00,0,0,0,0
ou_vwap_slow,wf_2023,2023-10-11 00:00:00+00:00,0,0,0,0
ou_vwap_slow,wf_2023,2023-10-12 00:00:00+00:00,0,0,0,0
ou_vwap_slow,wf_2023,2023-10-13 00:00:00+00:00,0,0,0,0
ou_vwap_slow,wf_2023,2023-10-16 00:00:00+00:00,0,0,0,0
ou_vwap_slow,wf_2023,2023-10-17 00:00:00+00:00,0,0,0,0
ou_vwap_slow,wf_2023,2023-10-18 00:00:00+00:00,0,0,0,0
ou_vwap_slow,wf_2023,2023-10-19 00:00:00+00:00,0,0,0,0
ou_vwap_slow,wf_2023,2023-10-20 00:00:00+00:00,0,0,0,0
ou_vwap_slow,wf_2023,2023-10-23 00:00:00+00:00,0,0,0,0
ou_vwap_slow,wf_2023,2023-10-24 00:00:00+00:00,0,0,0,0
ou_vwap_slow,wf_2023,2023-10-25 00:00:00+00:00,0,0,0,0
ou_vwap_slow,wf_2023,2023-10-26 00:00:00+00:00,0,0,0,0
ou_vwap_slow,wf_2023,2023-10-27 00:00:00+00:00,0,0,0,0
ou_vwap_slow,wf_2023,2023-10-30 00:00:00+00:00,0,0,0,0
ou_vwap_slow,wf_2023,2023-10-31 00:00:00+00:00,0,0,-0.00169151970692,-0.000563839902307
ou_vwap_slow,wf_2023,2023-11-01 00:00:00+00:00,0,0,-0.0001,-3.33333333333e-05
ou_vwap_slow,wf_2023,2023-11-02 00:00:00+00:00,0,0,-0.00647575423927,-0.00215858474642
ou_vwap_slow,wf_2023,2023-11-03 00:00:00+00:00,0,0,0,0
ou_vwap_slow,wf_2023,2023-11-06 00:00:00+00:00,0,0,0,0
ou_vwap_slow,wf_2023,2023-11-07 00:00:00+00:00,0,0,0,0
ou_vwap_slow,wf_2023,2023-11-08 00:00:00+00:00,0,0,0,0
ou_vwap_slow,wf_2023,2023-11-09 00:00:00+00:00,0,0,0,0
ou_vwap_slow,wf_2023,2023-11-10 00:00:00+00:00,0,0,0,0
ou_vwap_slow,wf_2023,2023-11-13 00:00:00+00:00,0,0,0,0
ou_vwap_slow,wf_2023,2023-11-14 00:00:00+00:00,0,0,0,0
ou_vwap_slow,wf_2023,2023-11-15 00:00:00+00:00,0,0,0,0
ou_vwap_slow,wf_2023,2023-11-16 00:00:00+00:00,0,0,0,0
ou_vwap_slow,wf_2023,2023-11-17 00:00:00+00:00,0,0,0,0
ou_vwap_slow,wf_2023,2023-11-20 00:00:00+00:00,0,0,0,0
ou_vwap_slow,wf_2023,2023-11-21 00:00:00+00:00,0,0,0,0
ou_vwap_slow,wf_2023,2023-11-22 00:00:00+00:00,0,0,0,0
ou_vwap_slow,wf_2023,2023-11-24 00:00:00+00:00,0,0,0,0
ou_vwap_slow,wf_2023,2023-11-27 00:00:00+00:00,0,0,0,0
ou_vwap_slow,wf_2023,2023-11-28 00:00:00+00:00,0,0,0,0
ou_vwap_slow,wf_2023,2023-11-29 00:00:00+00:00,0,0.00738207448119,0,0.00246069149373
ou_vwap_slow,wf_2023,2023-11-30 00:00:00+00:00,0,0.00433508502026,0,0.00144502834009
ou_vwap_slow,wf_2023,2023-12-01 00:00:00+00:00,0,-0.0001,-0.00482454966602,-0.00164151655534
ou_vwap_slow,wf_2023,2023-12-04 00:00:00+00:00,0,0.00731860115767,0,0.00243953371922
ou_vwap_slow,wf_2023,2023-12-05 00:00:00+00:00,0,-0.0001,0,-3.33333333333e-05
ou_vwap_slow,wf_2023,2023-12-06 00:00:00+00:00,0,0,0,0
ou_vwap_slow,wf_2023,2023-12-07 00:00:00+00:00,0,0,0,0
ou_vwap_slow,wf_2023,2023-12-08 00:00:00+00:00,0,0,0,0
ou_vwap_slow,wf_2023,2023-12-11 00:00:00+00:00,0,0,0,0
ou_vwap_slow,wf_2023,2023-12-12 00:00:00+00:00,0,0,0,0
ou_vwap_slow,wf_2023,2023-12-13 00:00:00+00:00,-0.00143443444444,0,-0.00499554423829,-0.00214332622758
ou_vwap_slow,wf_2023,2023-12-14 00:00:00+00:00,0,0,0.00123544766654,0.000411815888845
ou_vwap_slow,wf_2023,2023-12-15 00:00:00+00:00,0,0,-0.0001,-3.33333333333e-05
ou_vwap_slow,wf_2023,2023-12-18 00:00:00+00:00,0,0,0,0
ou_vwap_slow,wf_2023,2023-12-19 00:00:00+00:00,0,0,0,0
ou_vwap_slow,wf_2023,2023-12-20 00:00:00+00:00,0,-0.00798727920904,0,-0.00266242640301
ou_vwap_slow,wf_2023,2023-12-21 00:00:00+00:00,0,0,0,0
ou_vwap_slow,wf_2023,2023-12-22 00:00:00+00:00,0,0,0,0
ou_vwap_slow,wf_2023,2023-12-26 00:00:00+00:00,0,0,0,0
ou_vwap_slow,wf_2023,2023-12-27 00:00:00+00:00,0,0,0,0
ou_vwap_slow,wf_2023,2023-12-28 00:00:00+00:00,0,0,0,0
ou_vwap_slow,wf_2023,2023-12-29 00:00:00+00:00,0,0,0,0
ou_vwap_slow,wf_2024,2024-01-02 00:00:00+00:00,0,-0.00318573104391,0,-0.00106191034797
ou_vwap_slow,wf_2024,2024-01-03 00:00:00+00:00,0,0,0,0
ou_vwap_slow,wf_2024,2024-01-04 00:00:00+00:00,0,0,0,0
ou_vwap_slow,wf_2024,2024-01-05 00:00:00+00:00,0,0,0,0
ou_vwap_slow,wf_2024,2024-01-08 00:00:00+00:00,0,0,0,0
ou_vwap_slow,wf_2024,2024-01-09 00:00:00+00:00,0,0,0,0
ou_vwap_slow,wf_2024,2024-01-10 00:00:00+00:00,0,0,0,0
ou_vwap_slow,wf_2024,2024-01-11 00:00:00+00:00,0,0,0,0
ou_vwap_slow,wf_2024,2024-01-12 00:00:00+00:00,0,0,0,0
ou_vwap_slow,wf_2024,2024-01-16 00:00:00+00:00,0,0,0,0
ou_vwap_slow,wf_2024,2024-01-17 00:00:00+00:00,0.00199834304211,0.0076490414924,0.00349147755102,0.00437962069518
ou_vwap_slow,wf_2024,2024-01-18 00:00:00+00:00,-0.0001,-0.0001,-0.0001,-0.0001
ou_vwap_slow,wf_2024,2024-01-19 00:00:00+00:00,0,0,0.000162676253687,5.42254178958e-05
ou_vwap_slow,wf_2024,2024-01-22 00:00:00+00:00,0,0,-0.0001,-3.33333333333e-05
ou_vwap_slow,wf_2024,2024-01-23 00:00:00+00:00,0,0,0,0
ou_vwap_slow,wf_2024,2024-01-24 00:00:00+00:00,0,0,0,0
ou_vwap_slow,wf_2024,2024-01-25 00:00:00+00:00,0,0,0,0
ou_vwap_slow,wf_2024,2024-01-26 00:00:00+00:00,0,0,0,0
ou_vwap_slow,wf_2024,2024-01-29 00:00:00+00:00,0,0,0,0
ou_vwap_slow,wf_2024,2024-01-30 00:00:00+00:00,0,0,0,0
ou_vwap_slow,wf_2024,2024-01-31 00:00:00+00:00,0,0,0,0
ou_vwap_slow,wf_2024,2024-02-01 00:00:00+00:00,0,0,0,0
ou_vwap_slow,wf_2024,2024-02-02 00:00:00+00:00,0,0,0,0
ou_vwap_slow,wf_2024,2024-02-05 00:00:00+00:00,0,0,0.0118789271156,0.00395964237186
ou_vwap_slow,wf_2024,2024-02-06 00:00:00+00:00,0,0,0,0
ou_vwap_slow,wf_2024,2024-02-07 00:00:00+00:00,0,0,0,0
ou_vwap_slow,wf_2024,2024-02-08 00:00:00+00:00,0,0,0,0
ou_vwap_slow,wf_2024,2024-02-09 00:00:00+00:00,0,0,0,0
ou_vwap_slow,wf_2024,2024-02-12 00:00:00+00:00,0,0,0,0
ou_vwap_slow,wf_2024,2024-02-13 00:00:00+00:00,0,-0.00159550733926,-0.00440058864517,-0.00199869866148
ou_vwap_slow,wf_2024,2024-02-14 00:00:00+00:00,0,0,0,0
ou_vwap_slow,wf_2024,2024-02-15 00:00:00+00:00,0,0,0,0
ou_vwap_slow,wf_2024,2024-02-16 00:00:00+00:00,0,0,0,0
ou_vwap_slow,wf_2024,2024-02-20 00:00:00+00:00,0,0,0,0
ou_vwap_slow,wf_2024,2024-02-21 00:00:00+00:00,0,0,0,0
ou_vwap_slow,wf_2024,2024-02-22 00:00:00+00:00,0,0,0,0
ou_vwap_slow,wf_2024,2024-02-23 00:00:00+00:00,0,0,0,0
ou_vwap_slow,wf_2024,2024-02-26 00:00:00+00:00,0,0,0,0
ou_vwap_slow,wf_2024,2024-02-27 00:00:00+00:00,0,0,0,0
ou_vwap_slow,wf_2024,2024-02-28 00:00:00+00:00,0,0,0,0
ou_vwap_slow,wf_2024,2024-02-29 00:00:00+00:00,0,0,0,0
ou_vwap_slow,wf_2024,2024-03-01 00:00:00+00:00,0,0,0,0
ou_vwap_slow,wf_2024,2024-03-04 00:00:00+00:00,0,0,0,0
ou_vwap_slow,wf_2024,2024-03-05 00:00:00+00:00,0,0,-0.00596513170287,-0.00198837723429
ou_vwap_slow,wf_2024,2024-03-06 00:00:00+00:00,0,0,-0.0001,-3.33333333333e-05
ou_vwap_slow,wf_2024,2024-03-07 00:00:00+00:00,0,0,0,0
ou_vwap_slow,wf_2024,2024-03-08 00:00:00+00:00,0,0,0,0
ou_vwap_slow,wf_2024,2024-03-11 00:00:00+00:00,0,0,0,0
ou_vwap_slow,wf_2024,2024-03-12 00:00:00+00:00,0,0,0,0
ou_vwap_slow,wf_2024,2024-03-13 00:00:00+00:00,0,0,0,0
ou_vwap_slow,wf_2024,2024-03-14 00:00:00+00:00,0,0,0,0
ou_vwap_slow,wf_2024,2024-03-15 00:00:00+00:00,0,0,0,0
ou_vwap_slow,wf_2024,2024-03-18 00:00:00+00:00,0,0,0,0
ou_vwap_slow,wf_2024,2024-03-19 00:00:00+00:00,0,0,0,0
ou_vwap_slow,wf_2024,2024-03-20 00:00:00+00:00,0,0,0,0
ou_vwap_slow,wf_2024,2024-03-21 00:00:00+00:00,0,0,0,0
ou_vwap_slow,wf_2024,2024-03-22 00:00:00+00:00,0,0,0,0
ou_vwap_slow,wf_2024,2024-03-25 00:00:00+00:00,0,0,0,0
ou_vwap_slow,wf_2024,2024-03-26 00:00:00+00:00,0,0,0,0
ou_vwap_slow,wf_2024,2024-03-27 00:00:00+00:00,0,0,0,0
ou_vwap_slow,wf_2024,2024-03-28 00:00:00+00:00,0,0,0,0
ou_vwap_slow,wf_2024,2024-04-01 00:00:00+00:00,0,0,0,0
ou_vwap_slow,wf_2024,2024-04-02 00:00:00+00:00,0,0,0,0
ou_vwap_slow,wf_2024,2024-04-03 00:00:00+00:00,0,0,0,0
ou_vwap_slow,wf_2024,2024-04-04 00:00:00+00:00,0,0.00627692242218,0,0.00209230747406
ou_vwap_slow,wf_2024,2024-04-05 00:00:00+00:00,0,0,0,0
ou_vwap_slow,wf_2024,2024-04-08 00:00:00+00:00,0,0,0,0
ou_vwap_slow,wf_2024,2024-04-09 00:00:00+00:00,0,0,0,0
ou_vwap_slow,wf_2024,2024-04-10 00:00:00+00:00,0,0,0,0
ou_vwap_slow,wf_2024,2024-04-11 00:00:00+00:00,0,0,0,0
ou_vwap_slow,wf_2024,2024-04-12 00:00:00+00:00,0,0,0,0
ou_vwap_slow,wf_2024,2024-04-15 00:00:00+00:00,0,0,0,0
ou_vwap_slow,wf_2024,2024-04-16 00:00:00+00:00,0,0,0,0
ou_vwap_slow,wf_2024,2024-04-17 00:00:00+00:00,0,0,0,0
ou_vwap_slow,wf_2024,2024-04-18 00:00:00+00:00,0,0,0,0
ou_vwap_slow,wf_2024,2024-04-19 00:00:00+00:00,0,0,0,0
ou_vwap_slow,wf_2024,2024-04-22 00:00:00+00:00,0,0,0,0
ou_vwap_slow,wf_2024,2024-04-23 00:00:00+00:00,0,0,0,0
ou_vwap_slow,wf_2024,2024-04-24 00:00:00+00:00,0,0,0,0
ou_vwap_slow,wf_2024,2024-04-25 00:00:00+00:00,0,0,0,0
ou_vwap_slow,wf_2024,2024-04-26 00:00:00+00:00,0,0,0,0
ou_vwap_slow,wf_2024,2024-04-29 00:00:00+00:00,0,0,0,0
ou_vwap_slow,wf_2024,2024-04-30 00:00:00+00:00,0,0,0,0
ou_vwap_slow,wf_2024,2024-05-01 00:00:00+00:00,0,0,0,0
ou_vwap_slow,wf_2024,2024-05-02 00:00:00+00:00,0,0,0,0
ou_vwap_slow,wf_2024,2024-05-03 00:00:00+00:00,0,0,0,0
ou_vwap_slow,wf_2024,2024-05-06 00:00:00+00:00,0,0,0,0
ou_vwap_slow,wf_2024,2024-05-07 00:00:00+00:00,0,0,0,0
ou_vwap_slow,wf_2024,2024-05-08 00:00:00+00:00,0,0,0,0
ou_vwap_slow,wf_2024,2024-05-09 00:00:00+00:00,0,0,0,0
ou_vwap_slow,wf_2024,2024-05-10 00:00:00+00:00,0,0,0,0
ou_vwap_slow,wf_2024,2024-05-13 00:00:00+00:00,0,0,0,0
ou_vwap_slow,wf_2024,2024-05-14 00:00:00+00:00,0,0,0,0
ou_vwap_slow,wf_2024,2024-05-15 00:00:00+00:00,0,0.000256233474119,0,8.54111580397e-05
ou_vwap_slow,wf_2024,2024-05-16 00:00:00+00:00,0,-0.0001,0,-3.33333333333e-05
ou_vwap_slow,wf_2024,2024-05-17 00:00:00+00:00,0,0,0,0
ou_vwap_slow,wf_2024,2024-05-20 00:00:00+00:00,0,0,0,0
ou_vwap_slow,wf_2024,2024-05-21 00:00:00+00:00,0,0,0,0
ou_vwap_slow,wf_2024,2024-05-22 00:00:00+00:00,0,0,0.00323386923851,0.00107795641284
ou_vwap_slow,wf_2024,2024-05-23 00:00:00+00:00,0,0,-0.0001,-3.33333333333e-05
ou_vwap_slow,wf_2024,2024-05-24 00:00:00+00:00,0,0,0,0
ou_vwap_slow,wf_2024,2024-05-28 00:00:00+00:00,0,0,0,0
ou_vwap_slow,wf_2024,2024-05-29 00:00:00+00:00,0,0,0,0
ou_vwap_slow,wf_2024,2024-05-30 00:00:00+00:00,0,-0.00333912105518,0,-0.00111304035173
ou_vwap_slow,wf_2024,2024-05-31 00:00:00+00:00,0,-0.0001,0,-3.33333333333e-05
ou_vwap_slow,wf_2024,2024-06-03 00:00:00+00:00,0.00121800479369,0,0,0.000406001597897
ou_vwap_slow,wf_2024,2024-06-04 00:00:00+00:00,0,0,0,0
ou_vwap_slow,wf_2024,2024-06-05 00:00:00+00:00,0,0,0,0
ou_vwap_slow,wf_2024,2024-06-06 00:00:00+00:00,0,0,0,0
ou_vwap_slow,wf_2024,2024-06-07 00:00:00+00:00,0,0,0,0
ou_vwap_slow,wf_2024,2024-06-10 00:00:00+00:00,0,0,0,0
ou_vwap_slow,wf_2024,2024-06-11 00:00:00+00:00,0,0,0,0
ou_vwap_slow,wf_2024,2024-06-12 00:00:00+00:00,0,0,0.01504504591,0.00501501530334
ou_vwap_slow,wf_2024,2024-06-13 00:00:00+00:00,0,0,0,0
ou_vwap_slow,wf_2024,2024-06-14 00:00:00+00:00,0,0,0,0
ou_vwap_slow,wf_2024,2024-06-17 00:00:00+00:00,0,0,0,0
ou_vwap_slow,wf_2024,2024-06-18 00:00:00+00:00,0,0,0,0
ou_vwap_slow,wf_2024,2024-06-20 00:00:00+00:00,0,0,0,0
ou_vwap_slow,wf_2024,2024-06-21 00:00:00+00:00,0,0,0,0
ou_vwap_slow,wf_2024,2024-06-24 00:00:00+00:00,0,0,0,0
ou_vwap_slow,wf_2024,2024-06-25 00:00:00+00:00,0,0,0,0
ou_vwap_slow,wf_2024,2024-06-26 00:00:00+00:00,0,0,0,0
ou_vwap_slow,wf_2024,2024-06-27 00:00:00+00:00,0,0,0,0
ou_vwap_slow,wf_2024,2024-06-28 00:00:00+00:00,0,0,0,0
ou_vwap_slow,wf_2024,2024-07-01 00:00:00+00:00,0,0,0,0
ou_vwap_slow,wf_2024,2024-07-02 00:00:00+00:00,0,0,0,0
ou_vwap_slow,wf_2024,2024-07-03 00:00:00+00:00,0,0,0,0
ou_vwap_slow,wf_2024,2024-07-05 00:00:00+00:00,0,0,0,0
ou_vwap_slow,wf_2024,2024-07-08 00:00:00+00:00,0,0,0,0
ou_vwap_slow,wf_2024,2024-07-09 00:00:00+00:00,0,0,0,0
ou_vwap_slow,wf_2024,2024-07-10 00:00:00+00:00,0,0,0,0
ou_vwap_slow,wf_2024,2024-07-11 00:00:00+00:00,0,0,-0.00925310677732,-0.00308436892577
ou_vwap_slow,wf_2024,2024-07-12 00:00:00+00:00,0,0,0,0
ou_vwap_slow,wf_2024,2024-07-15 00:00:00+00:00,0,0,0,0
ou_vwap_slow,wf_2024,2024-07-16 00:00:00+00:00,0,0,0,0
ou_vwap_slow,wf_2024,2024-07-17 00:00:00+00:00,0,0,0,0
ou_vwap_slow,wf_2024,2024-07-18 00:00:00+00:00,0,0,0,0
ou_vwap_slow,wf_2024,2024-07-19 00:00:00+00:00,0,0,0,0
ou_vwap_slow,wf_2024,2024-07-22 00:00:00+00:00,0,0,0,0
ou_vwap_slow,wf_2024,2024-07-23 00:00:00+00:00,0,0,0,0
ou_vwap_slow,wf_2024,2024-07-24 00:00:00+00:00,0,0,0,0
ou_vwap_slow,wf_2024,2024-07-25 00:00:00+00:00,0,0,0,0
ou_vwap_slow,wf_2024,2024-07-26 00:00:00+00:00,0,0,0,0
ou_vwap_slow,wf_2024,2024-07-29 00:00:00+00:00,0,0,0,0
ou_vwap_slow,wf_2024,2024-07-30 00:00:00+00:00,0,0,0,0
ou_vwap_slow,wf_2024,2024-07-31 00:00:00+00:00,0,0,0,0
ou_vwap_slow,wf_2024,2024-08-01 00:00:00+00:00,0,0,-0.00437900922541,-0.0014596697418
ou_vwap_slow,wf_2024,2024-08-02 00:00:00+00:00,0,0,0,0
ou_vwap_slow,wf_2024,2024-08-05 00:00:00+00:00,0,0,0,0
ou_vwap_slow,wf_2024,2024-08-06 00:00:00+00:00,0,0,0,0
ou_vwap_slow,wf_2024,2024-08-07 00:00:00+00:00,0,0,0,0
ou_vwap_slow,wf_2024,2024-08-08 00:00:00+00:00,0,0,0,0
ou_vwap_slow,wf_2024,2024-08-09 00:00:00+00:00,0,0,0,0
ou_vwap_slow,wf_2024,2024-08-12 00:00:00+00:00,0,0,0,0
ou_vwap_slow,wf_2024,2024-08-13 00:00:00+00:00,0,0,0,0
ou_vwap_slow,wf_2024,2024-08-14 00:00:00+00:00,0,0,0,0
ou_vwap_slow,wf_2024,2024-08-15 00:00:00+00:00,0,0,0,0
ou_vwap_slow,wf_2024,2024-08-16 00:00:00+00:00,0,0,0,0
ou_vwap_slow,wf_2024,2024-08-19 00:00:00+00:00,0,0,0,0
ou_vwap_slow,wf_2024,2024-08-20 00:00:00+00:00,0,0,0,0
ou_vwap_slow,wf_2024,2024-08-21 00:00:00+00:00,0,0,0,0
ou_vwap_slow,wf_2024,2024-08-22 00:00:00+00:00,0,0,0,0
ou_vwap_slow,wf_2024,2024-08-23 00:00:00+00:00,0,0,0,0
ou_vwap_slow,wf_2024,2024-08-26 00:00:00+00:00,0,0,0,0
ou_vwap_slow,wf_2024,2024-08-27 00:00:00+00:00,0,0,0,0
ou_vwap_slow,wf_2024,2024-08-28 00:00:00+00:00,0,0,0,0
ou_vwap_slow,wf_2024,2024-08-29 00:00:00+00:00,0,0,0,0
ou_vwap_slow,wf_2024,2024-08-30 00:00:00+00:00,0,0,0,0
ou_vwap_slow,wf_2024,2024-09-03 00:00:00+00:00,0,0,0,0
ou_vwap_slow,wf_2024,2024-09-04 00:00:00+00:00,0,0,0,0
ou_vwap_slow,wf_2024,2024-09-05 00:00:00+00:00,0,0,0,0
ou_vwap_slow,wf_2024,2024-09-06 00:00:00+00:00,0,0,0,0
ou_vwap_slow,wf_2024,2024-09-09 00:00:00+00:00,0,0,0,0
ou_vwap_slow,wf_2024,2024-09-10 00:00:00+00:00,0,0,0,0
ou_vwap_slow,wf_2024,2024-09-11 00:00:00+00:00,0,0,0,0
ou_vwap_slow,wf_2024,2024-09-12 00:00:00+00:00,0,0,0,0
ou_vwap_slow,wf_2024,2024-09-13 00:00:00+00:00,0,0,0,0
ou_vwap_slow,wf_2024,2024-09-16 00:00:00+00:00,0,0,0,0
ou_vwap_slow,wf_2024,2024-09-17 00:00:00+00:00,0,0,0,0
ou_vwap_slow,wf_2024,2024-09-18 00:00:00+00:00,0,0,0,0
ou_vwap_slow,wf_2024,2024-09-19 00:00:00+00:00,0,0,0,0
ou_vwap_slow,wf_2024,2024-09-20 00:00:00+00:00,0,0,0,0
ou_vwap_slow,wf_2024,2024-09-23 00:00:00+00:00,0,0,0,0
ou_vwap_slow,wf_2024,2024-09-24 00:00:00+00:00,0,0,0,0
ou_vwap_slow,wf_2024,2024-09-25 00:00:00+00:00,0,0,0,0
ou_vwap_slow,wf_2024,2024-09-26 00:00:00+00:00,0,0,0,0
ou_vwap_slow,wf_2024,2024-09-27 00:00:00+00:00,0,0,0,0
ou_vwap_slow,wf_2024,2024-09-30 00:00:00+00:00,0,0,0,0
ou_vwap_slow,wf_2024,2024-10-01 00:00:00+00:00,0.0045113538178,0.00716374369726,0,0.00389169917169
ou_vwap_slow,wf_2024,2024-10-02 00:00:00+00:00,0.00720049699178,0,0,0.00240016566393
ou_vwap_slow,wf_2024,2024-10-03 00:00:00+00:00,0,0,0,0
ou_vwap_slow,wf_2024,2024-10-04 00:00:00+00:00,-0.00195966707173,0,0.00106129045505,-0.000299458872226
ou_vwap_slow,wf_2024,2024-10-07 00:00:00+00:00,-0.0001,0,-0.0001,-6.66666666667e-05
ou_vwap_slow,wf_2024,2024-10-08 00:00:00+00:00,0,0,0,0
ou_vwap_slow,wf_2024,2024-10-09 00:00:00+00:00,-0.00300801268794,0,0,-0.00100267089598
ou_vwap_slow,wf_2024,2024-10-10 00:00:00+00:00,-0.0001,0,0,-3.33333333333e-05
ou_vwap_slow,wf_2024,2024-10-11 00:00:00+00:00,0,0,-0.00623857598073,-0.00207952532691
ou_vwap_slow,wf_2024,2024-10-14 00:00:00+00:00,0,0,-0.0001,-3.33333333333e-05
ou_vwap_slow,wf_2024,2024-10-15 00:00:00+00:00,0,-0.00245858238761,0,-0.000819527462536
ou_vwap_slow,wf_2024,2024-10-16 00:00:00+00:00,0,-0.0001,0,-3.33333333333e-05
ou_vwap_slow,wf_2024,2024-10-17 00:00:00+00:00,0,0,0,0
ou_vwap_slow,wf_2024,2024-10-18 00:00:00+00:00,0,0,0,0
ou_vwap_slow,wf_2024,2024-10-21 00:00:00+00:00,0,0,0,0
ou_vwap_slow,wf_2024,2024-10-22 00:00:00+00:00,0,0,0,0
ou_vwap_slow,wf_2024,2024-10-23 00:00:00+00:00,0,0,0,0
ou_vwap_slow,wf_2024,2024-10-24 00:00:00+00:00,0,0,0,0
ou_vwap_slow,wf_2024,2024-10-25 00:00:00+00:00,-0.0017033902561,-0.00533826974527,0,-0.00234722000046
ou_vwap_slow,wf_2024,2024-10-28 00:00:00+00:00,0,0,0,0
ou_vwap_slow,wf_2024,2024-10-29 00:00:00+00:00,0,0,0,0
ou_vwap_slow,wf_2024,2024-10-30 00:00:00+00:00,0,0,0,0
ou_vwap_slow,wf_2024,2024-10-31 00:00:00+00:00,-0.00243602932983,0,0,-0.00081200977661
ou_vwap_slow,wf_2024,2024-11-01 00:00:00+00:00,0,0,0,0
ou_vwap_slow,wf_2024,2024-11-04 00:00:00+00:00,0,0,0,0
ou_vwap_slow,wf_2024,2024-11-05 00:00:00+00:00,0,0,0,0
ou_vwap_slow,wf_2024,2024-11-06 00:00:00+00:00,0,0,-0.0147661449104,-0.00492204830345
ou_vwap_slow,wf_2024,2024-11-07 00:00:00+00:00,0,0,-0.0001,-3.33333333333e-05
ou_vwap_slow,wf_2024,2024-11-08 00:00:00+00:00,0,0,0,0
ou_vwap_slow,wf_2024,2024-11-11 00:00:00+00:00,0,0,0,0
ou_vwap_slow,wf_2024,2024-11-12 00:00:00+00:00,0,0,0,0
ou_vwap_slow,wf_2024,2024-11-13 00:00:00+00:00,0,0,0,0
ou_vwap_slow,wf_2024,2024-11-14 00:00:00+00:00,0,0,0,0
ou_vwap_slow,wf_2024,2024-11-15 00:00:00+00:00,0,0,0,0
ou_vwap_slow,wf_2024,2024-11-18 00:00:00+00:00,0,0,0,0
ou_vwap_slow,wf_2024,2024-11-19 00:00:00+00:00,0,0,0,0
ou_vwap_slow,wf_2024,2024-11-20 00:00:00+00:00,0,0,0,0
ou_vwap_slow,wf_2024,2024-11-21 00:00:00+00:00,0,0,0,0
ou_vwap_slow,wf_2024,2024-11-22 00:00:00+00:00,0,0,0,0
ou_vwap_slow,wf_2024,2024-11-25 00:00:00+00:00,0,0,0,0
ou_vwap_slow,wf_2024,2024-11-26 00:00:00+00:00,0,0,0,0
ou_vwap_slow,wf_2024,2024-11-27 00:00:00+00:00,0,0,0,0
ou_vwap_slow,wf_2024,2024-11-29 00:00:00+00:00,0,0,0,0
ou_vwap_slow,wf_2024,2024-12-02 00:00:00+00:00,0,0,0,0
ou_vwap_slow,wf_2024,2024-12-03 00:00:00+00:00,0,0,0,0
ou_vwap_slow,wf_2024,2024-12-04 00:00:00+00:00,0,0,0,0
ou_vwap_slow,wf_2024,2024-12-05 00:00:00+00:00,0,0,0,0
ou_vwap_slow,wf_2024,2024-12-06 00:00:00+00:00,0,0,0,0
ou_vwap_slow,wf_2024,2024-12-09 00:00:00+00:00,0,0,0.00883402237773,0.00294467412591
ou_vwap_slow,wf_2024,2024-12-10 00:00:00+00:00,0,0,0.00707725380206,0.00235908460069
ou_vwap_slow,wf_2024,2024-12-11 00:00:00+00:00,0,0,0,0
ou_vwap_slow,wf_2024,2024-12-12 00:00:00+00:00,0,0,0,0
ou_vwap_slow,wf_2024,2024-12-13 00:00:00+00:00,0,0,0,0
ou_vwap_slow,wf_2024,2024-12-16 00:00:00+00:00,0,0,0,0
ou_vwap_slow,wf_2024,2024-12-17 00:00:00+00:00,0,0,0,0
ou_vwap_slow,wf_2024,2024-12-18 00:00:00+00:00,0,0,0,0
ou_vwap_slow,wf_2024,2024-12-19 00:00:00+00:00,0,0,0,0
ou_vwap_slow,wf_2024,2024-12-20 00:00:00+00:00,0,0,0,0
ou_vwap_slow,wf_2024,2024-12-23 00:00:00+00:00,0,0,0,0
ou_vwap_slow,wf_2024,2024-12-24 00:00:00+00:00,0,0,0,0
ou_vwap_slow,wf_2024,2024-12-26 00:00:00+00:00,0,0,0,0
ou_vwap_slow,wf_2024,2024-12-27 00:00:00+00:00,0,0,0,0
ou_vwap_slow,wf_2024,2024-12-30 00:00:00+00:00,0,0,0,0
ou_vwap_slow,wf_2024,2024-12-31 00:00:00+00:00,0,0,0,0
ou_vwap_slow,wf_2025,2025-01-02 00:00:00+00:00,0,0,0,0
ou_vwap_slow,wf_2025,2025-01-03 00:00:00+00:00,0,0,0,0
ou_vwap_slow,wf_2025,2025-01-06 00:00:00+00:00,0,0,0,0
ou_vwap_slow,wf_2025,2025-01-07 00:00:00+00:00,0,0,0,0
ou_vwap_slow,wf_2025,2025-01-08 00:00:00+00:00,0,0,0,0
ou_vwap_slow,wf_2025,2025-01-10 00:00:00+00:00,0,0,0,0
ou_vwap_slow,wf_2025,2025-01-13 00:00:00+00:00,0,0,0,0
ou_vwap_slow,wf_2025,2025-01-14 00:00:00+00:00,0,0,0,0
ou_vwap_slow,wf_2025,2025-01-15 00:00:00+00:00,0,0,0,0
ou_vwap_slow,wf_2025,2025-01-16 00:00:00+00:00,0,0,0,0
ou_vwap_slow,wf_2025,2025-01-17 00:00:00+00:00,0,0,0,0
ou_vwap_slow,wf_2025,2025-01-21 00:00:00+00:00,0,0,0,0
ou_vwap_slow,wf_2025,2025-01-22 00:00:00+00:00,0,0,0,0
ou_vwap_slow,wf_2025,2025-01-23 00:00:00+00:00,0,0,0,0
ou_vwap_slow,wf_2025,2025-01-24 00:00:00+00:00,0,0,0,0
ou_vwap_slow,wf_2025,2025-01-27 00:00:00+00:00,7.24819747171e-05,-0.00100034171029,0,-0.000309286578523
ou_vwap_slow,wf_2025,2025-01-28 00:00:00+00:00,0,-0.0001,0,-3.33333333333e-05
ou_vwap_slow,wf_2025,2025-01-29 00:00:00+00:00,0,0,0,0
ou_vwap_slow,wf_2025,2025-01-30 00:00:00+00:00,0,0,0,0
ou_vwap_slow,wf_2025,2025-01-31 00:00:00+00:00,0,0,0,0
ou_vwap_slow,wf_2025,2025-02-03 00:00:00+00:00,0,0,0.0113235935741,0.00377453119136
ou_vwap_slow,wf_2025,2025-02-04 00:00:00+00:00,0,0,-0.0001,-3.33333333333e-05
ou_vwap_slow,wf_2025,2025-02-05 00:00:00+00:00,0,0,0,0
ou_vwap_slow,wf_2025,2025-02-06 00:00:00+00:00,0,0,0,0
ou_vwap_slow,wf_2025,2025-02-07 00:00:00+00:00,0,0,0,0
ou_vwap_slow,wf_2025,2025-02-10 00:00:00+00:00,0,0,0,0
ou_vwap_slow,wf_2025,2025-02-11 00:00:00+00:00,0,0,0,0
ou_vwap_slow,wf_2025,2025-02-12 00:00:00+00:00,0,0,0,0
ou_vwap_slow,wf_2025,2025-02-13 00:00:00+00:00,0,0,0,0
ou_vwap_slow,wf_2025,2025-02-14 00:00:00+00:00,0,0,0,0
ou_vwap_slow,wf_2025,2025-02-18 00:00:00+00:00,0,0,0,0
ou_vwap_slow,wf_2025,2025-02-19 00:00:00+00:00,0,0,0,0
ou_vwap_slow,wf_2025,2025-02-20 00:00:00+00:00,0,0,0,0
ou_vwap_slow,wf_2025,2025-02-21 00:00:00+00:00,0,0,0,0
ou_vwap_slow,wf_2025,2025-02-24 00:00:00+00:00,0,0,0,0
ou_vwap_slow,wf_2025,2025-02-25 00:00:00+00:00,0,0,0,0
ou_vwap_slow,wf_2025,2025-02-26 00:00:00+00:00,0,0,0,0
ou_vwap_slow,wf_2025,2025-02-27 00:00:00+00:00,0,0,0,0
ou_vwap_slow,wf_2025,2025-02-28 00:00:00+00:00,0,0,0,0
ou_vwap_slow,wf_2025,2025-03-03 00:00:00+00:00,0,0,0,0
ou_vwap_slow,wf_2025,2025-03-04 00:00:00+00:00,-0.00226695874036,0,0.0079070242752,0.00188002184495
ou_vwap_slow,wf_2025,2025-03-05 00:00:00+00:00,0,0,0,0
ou_vwap_slow,wf_2025,2025-03-06 00:00:00+00:00,0,0,0,0
ou_vwap_slow,wf_2025,2025-03-07 00:00:00+00:00,0,0,0,0
ou_vwap_slow,wf_2025,2025-03-10 00:00:00+00:00,0,0,0,0
ou_vwap_slow,wf_2025,2025-03-11 00:00:00+00:00,0,0,0,0
ou_vwap_slow,wf_2025,2025-03-12 00:00:00+00:00,0,0,0,0
ou_vwap_slow,wf_2025,2025-03-13 00:00:00+00:00,0,0,0,0
ou_vwap_slow,wf_2025,2025-03-14 00:00:00+00:00,0,0,0,0
ou_vwap_slow,wf_2025,2025-03-17 00:00:00+00:00,0,0,0,0
ou_vwap_slow,wf_2025,2025-03-18 00:00:00+00:00,0,0,0,0
ou_vwap_slow,wf_2025,2025-03-19 00:00:00+00:00,0,0,0,0
ou_vwap_slow,wf_2025,2025-03-20 00:00:00+00:00,0,0,0,0
ou_vwap_slow,wf_2025,2025-03-21 00:00:00+00:00,0,0,0,0
ou_vwap_slow,wf_2025,2025-03-24 00:00:00+00:00,0,0,0,0
ou_vwap_slow,wf_2025,2025-03-25 00:00:00+00:00,0,0,0,0
ou_vwap_slow,wf_2025,2025-03-26 00:00:00+00:00,0,0,0,0
ou_vwap_slow,wf_2025,2025-03-27 00:00:00+00:00,0,0,0,0
ou_vwap_slow,wf_2025,2025-03-28 00:00:00+00:00,0,0,0,0
ou_vwap_slow,wf_2025,2025-03-31 00:00:00+00:00,0,0,0,0
ou_vwap_slow,wf_2025,2025-04-01 00:00:00+00:00,0,0,0,0
ou_vwap_slow,wf_2025,2025-04-02 00:00:00+00:00,0,0,0,0
ou_vwap_slow,wf_2025,2025-04-03 00:00:00+00:00,0,0,0,0
ou_vwap_slow,wf_2025,2025-04-04 00:00:00+00:00,0,0,-0.0180019073085,-0.0060006357695
ou_vwap_slow,wf_2025,2025-04-07 00:00:00+00:00,0,0,0,0
ou_vwap_slow,wf_2025,2025-04-08 00:00:00+00:00,0,0.04431136404,0,0.01477045468
ou_vwap_slow,wf_2025,2025-04-09 00:00:00+00:00,-0.0160966004352,-0.0207887655552,-0.02126890475,-0.0193847569135
ou_vwap_slow,wf_2025,2025-04-10 00:00:00+00:00,-0.0001,-0.0001,-0.0001,-0.0001
ou_vwap_slow,wf_2025,2025-04-11 00:00:00+00:00,0,0,0,0
ou_vwap_slow,wf_2025,2025-04-14 00:00:00+00:00,0,0,0,0
ou_vwap_slow,wf_2025,2025-04-15 00:00:00+00:00,0,0,0,0
ou_vwap_slow,wf_2025,2025-04-16 00:00:00+00:00,0,0,0,0
ou_vwap_slow,wf_2025,2025-04-17 00:00:00+00:00,0,0,0,0
ou_vwap_slow,wf_2025,2025-04-21 00:00:00+00:00,0,0,0,0
ou_vwap_slow,wf_2025,2025-04-22 00:00:00+00:00,0,0,0,0
ou_vwap_slow,wf_2025,2025-04-23 00:00:00+00:00,0,0,0.0174956318412,0.00583187728041
ou_vwap_slow,wf_2025,2025-04-24 00:00:00+00:00,0,0,0,0
ou_vwap_slow,wf_2025,2025-04-25 00:00:00+00:00,0,0,0,0
ou_vwap_slow,wf_2025,2025-04-28 00:00:00+00:00,0,0,0,0
ou_vwap_slow,wf_2025,2025-04-29 00:00:00+00:00,0,0,0,0
ou_vwap_slow,wf_2025,2025-04-30 00:00:00+00:00,0,0,0,0
ou_vwap_slow,wf_2025,2025-05-01 00:00:00+00:00,0,0,0,0
ou_vwap_slow,wf_2025,2025-05-02 00:00:00+00:00,0,0,0,0
ou_vwap_slow,wf_2025,2025-05-05 00:00:00+00:00,0,0,0,0
ou_vwap_slow,wf_2025,2025-05-06 00:00:00+00:00,0,0,0.00546263131612,0.00182087710537
ou_vwap_slow,wf_2025,2025-05-07 00:00:00+00:00,0,0,0,0
ou_vwap_slow,wf_2025,2025-05-08 00:00:00+00:00,0,0,0,0
ou_vwap_slow,wf_2025,2025-05-09 00:00:00+00:00,0,0,0,0
ou_vwap_slow,wf_2025,2025-05-12 00:00:00+00:00,0,0,0.00478843857968,0.00159614619323
ou_vwap_slow,wf_2025,2025-05-13 00:00:00+00:00,0,0,-0.0001,-3.33333333333e-05
ou_vwap_slow,wf_2025,2025-05-14 00:00:00+00:00,0,0,0,0
ou_vwap_slow,wf_2025,2025-05-15 00:00:00+00:00,0,0,0,0
ou_vwap_slow,wf_2025,2025-05-16 00:00:00+00:00,0,0,0,0
ou_vwap_slow,wf_2025,2025-05-19 00:00:00+00:00,0,0,0,0
ou_vwap_slow,wf_2025,2025-05-20 00:00:00+00:00,0,0,0,0
ou_vwap_slow,wf_2025,2025-05-21 00:00:00+00:00,0,0,-0.00293316865236,-0.00097772288412
ou_vwap_slow,wf_2025,2025-05-22 00:00:00+00:00,0,0,-0.0001,-3.33333333333e-05
ou_vwap_slow,wf_2025,2025-05-23 00:00:00+00:00,0,0,0,0
ou_vwap_slow,wf_2025,2025-05-27 00:00:00+00:00,0,0,0,0
ou_vwap_slow,wf_2025,2025-05-28 00:00:00+00:00,0,0,0,0
ou_vwap_slow,wf_2025,2025-05-29 00:00:00+00:00,0,0,0,0
ou_vwap_slow,wf_2025,2025-05-30 00:00:00+00:00,0,0,0,0
ou_vwap_slow,wf_2025,2025-06-02 00:00:00+00:00,0,0,0,0
ou_vwap_slow,wf_2025,2025-06-03 00:00:00+00:00,0,0,0,0
ou_vwap_slow,wf_2025,2025-06-04 00:00:00+00:00,0,0,0,0
ou_vwap_slow,wf_2025,2025-06-05 00:00:00+00:00,0,0,0,0
ou_vwap_slow,wf_2025,2025-06-06 00:00:00+00:00,0,0,0,0
ou_vwap_slow,wf_2025,2025-06-09 00:00:00+00:00,0,0,0,0
ou_vwap_slow,wf_2025,2025-06-10 00:00:00+00:00,0,0,0,0
ou_vwap_slow,wf_2025,2025-06-11 00:00:00+00:00,0,0,0,0
ou_vwap_slow,wf_2025,2025-06-12 00:00:00+00:00,0,0,0.00252514742959,0.000841715809864
ou_vwap_slow,wf_2025,2025-06-13 00:00:00+00:00,-0.0025053458333,0.00606581648107,-0.0001,0.00115349021592
ou_vwap_slow,wf_2025,2025-06-16 00:00:00+00:00,0,0,0,0
ou_vwap_slow,wf_2025,2025-06-17 00:00:00+00:00,0,0,0,0
ou_vwap_slow,wf_2025,2025-06-18 00:00:00+00:00,0,0,0,0
ou_vwap_slow,wf_2025,2025-06-20 00:00:00+00:00,0,0,0,0
ou_vwap_slow,wf_2025,2025-06-23 00:00:00+00:00,0,0,0,0
ou_vwap_slow,wf_2025,2025-06-24 00:00:00+00:00,0,0.000603502668585,0,0.000201167556195
ou_vwap_slow,wf_2025,2025-06-25 00:00:00+00:00,0,0,0,0
ou_vwap_slow,wf_2025,2025-06-26 00:00:00+00:00,0,0,0,0
ou_vwap_slow,wf_2025,2025-06-27 00:00:00+00:00,0,0,0,0
ou_vwap_slow,wf_2025,2025-06-30 00:00:00+00:00,0,0,0,0
ou_vwap_slow,wf_2025,2025-07-01 00:00:00+00:00,0,0,0,0
ou_vwap_slow,wf_2025,2025-07-02 00:00:00+00:00,0,0,0,0
ou_vwap_slow,wf_2025,2025-07-03 00:00:00+00:00,0,0,0,0
ou_vwap_slow,wf_2025,2025-07-07 00:00:00+00:00,0,0,0,0
ou_vwap_slow,wf_2025,2025-07-08 00:00:00+00:00,0,0,0,0
ou_vwap_slow,wf_2025,2025-07-09 00:00:00+00:00,0,0,0,0
ou_vwap_slow,wf_2025,2025-07-10 00:00:00+00:00,0,0,0,0
ou_vwap_slow,wf_2025,2025-07-11 00:00:00+00:00,0,0,0,0
ou_vwap_slow,wf_2025,2025-07-14 00:00:00+00:00,0,0,0,0
ou_vwap_slow,wf_2025,2025-07-15 00:00:00+00:00,0,0,0,0
ou_vwap_slow,wf_2025,2025-07-16 00:00:00+00:00,0,0,0,0
ou_vwap_slow,wf_2025,2025-07-17 00:00:00+00:00,0,0,0,0
ou_vwap_slow,wf_2025,2025-07-18 00:00:00+00:00,0,0,0,0
ou_vwap_slow,wf_2025,2025-07-21 00:00:00+00:00,0,0,0,0
ou_vwap_slow,wf_2025,2025-07-22 00:00:00+00:00,0,0,0,0
ou_vwap_slow,wf_2025,2025-07-23 00:00:00+00:00,0,0,0,0
ou_vwap_slow,wf_2025,2025-07-24 00:00:00+00:00,0,0,0,0
ou_vwap_slow,wf_2025,2025-07-25 00:00:00+00:00,0,0,0,0
ou_vwap_slow,wf_2025,2025-07-28 00:00:00+00:00,0,0,0,0
ou_vwap_slow,wf_2025,2025-07-29 00:00:00+00:00,0,0,0,0
ou_vwap_slow,wf_2025,2025-07-30 00:00:00+00:00,0,0,0,0
ou_vwap_slow,wf_2025,2025-07-31 00:00:00+00:00,0,0,0,0
ou_vwap_slow,wf_2025,2025-08-01 00:00:00+00:00,0,0.00197429206405,0,0.000658097354683
ou_vwap_slow,wf_2025,2025-08-04 00:00:00+00:00,0,0,0,0
ou_vwap_slow,wf_2025,2025-08-05 00:00:00+00:00,0,0,0,0
ou_vwap_slow,wf_2025,2025-08-06 00:00:00+00:00,0,0,0,0
ou_vwap_slow,wf_2025,2025-08-07 00:00:00+00:00,0,0,0,0
ou_vwap_slow,wf_2025,2025-08-08 00:00:00+00:00,0,0,0,0
ou_vwap_slow,wf_2025,2025-08-11 00:00:00+00:00,0,0,0,0
ou_vwap_slow,wf_2025,2025-08-12 00:00:00+00:00,0,0,0,0
ou_vwap_slow,wf_2025,2025-08-13 00:00:00+00:00,0,0,0,0
ou_vwap_slow,wf_2025,2025-08-14 00:00:00+00:00,0,0,0,0
ou_vwap_slow,wf_2025,2025-08-15 00:00:00+00:00,0,0,0,0
ou_vwap_slow,wf_2025,2025-08-18 00:00:00+00:00,0,0,0,0
ou_vwap_slow,wf_2025,2025-08-19 00:00:00+00:00,0,0,0,0
ou_vwap_slow,wf_2025,2025-08-20 00:00:00+00:00,0,0,0,0
ou_vwap_slow,wf_2025,2025-08-21 00:00:00+00:00,0,0,0,0
ou_vwap_slow,wf_2025,2025-08-22 00:00:00+00:00,0,0,0,0
ou_vwap_slow,wf_2025,2025-08-25 00:00:00+00:00,0,0,0,0
ou_vwap_slow,wf_2025,2025-08-26 00:00:00+00:00,0,0,0,0
ou_vwap_slow,wf_2025,2025-08-27 00:00:00+00:00,0,0,0,0
ou_vwap_slow,wf_2025,2025-08-28 00:00:00+00:00,0,0,0,0
ou_vwap_slow,wf_2025,2025-08-29 00:00:00+00:00,0,0,0,0
ou_vwap_slow,wf_2025,2025-09-02 00:00:00+00:00,0.00333807825851,0.00532964861211,0,0.0028892422902
ou_vwap_slow,wf_2025,2025-09-03 00:00:00+00:00,-0.0001,-0.0001,0,-6.66666666667e-05
ou_vwap_slow,wf_2025,2025-09-04 00:00:00+00:00,0,0,0,0
ou_vwap_slow,wf_2025,2025-09-05 00:00:00+00:00,0,0,0.0186886374229,0.00622954580765
ou_vwap_slow,wf_2025,2025-09-08 00:00:00+00:00,0,0,0,0
ou_vwap_slow,wf_2025,2025-09-09 00:00:00+00:00,0,0,0,0
ou_vwap_slow,wf_2025,2025-09-10 00:00:00+00:00,0,0,0,0
ou_vwap_slow,wf_2025,2025-09-11 00:00:00+00:00,0,0,0,0
ou_vwap_slow,wf_2025,2025-09-12 00:00:00+00:00,0,0,0,0
ou_vwap_slow,wf_2025,2025-09-15 00:00:00+00:00,0,0,0,0
ou_vwap_slow,wf_2025,2025-09-16 00:00:00+00:00,0,0,0,0
ou_vwap_slow,wf_2025,2025-09-17 00:00:00+00:00,0.00362566275535,0.00747941566419,0,0.00370169280651
ou_vwap_slow,wf_2025,2025-09-18 00:00:00+00:00,-0.0001,0.00336335178613,-0.00110200124272,0.000720450181137
ou_vwap_slow,wf_2025,2025-09-19 00:00:00+00:00,0,-0.0001,-0.0001,-6.66666666667e-05
ou_vwap_slow,wf_2025,2025-09-22 00:00:00+00:00,0,0,0,0
ou_vwap_slow,wf_2025,2025-09-23 00:00:00+00:00,0,0,0,0
ou_vwap_slow,wf_2025,2025-09-24 00:00:00+00:00,0,0,0,0
ou_vwap_slow,wf_2025,2025-09-25 00:00:00+00:00,0,0,0,0
ou_vwap_slow,wf_2025,2025-09-26 00:00:00+00:00,0,0,0,0
ou_vwap_slow,wf_2025,2025-09-29 00:00:00+00:00,0,0,0,0
ou_vwap_slow,wf_2025,2025-09-30 00:00:00+00:00,0,0,0,0
ou_vwap_slow,wf_2025,2025-10-01 00:00:00+00:00,0,0,0,0
ou_vwap_slow,wf_2025,2025-10-02 00:00:00+00:00,0,0,0,0
ou_vwap_slow,wf_2025,2025-10-03 00:00:00+00:00,0,0,0,0
ou_vwap_slow,wf_2025,2025-10-06 00:00:00+00:00,0,0,0,0
ou_vwap_slow,wf_2025,2025-10-07 00:00:00+00:00,0,0,0.00209176603879,0.000697255346263
ou_vwap_slow,wf_2025,2025-10-08 00:00:00+00:00,0,0,-0.0001,-3.33333333333e-05
ou_vwap_slow,wf_2025,2025-10-09 00:00:00+00:00,0,0,0,0
ou_vwap_slow,wf_2025,2025-10-10 00:00:00+00:00,0,0,0,0
ou_vwap_slow,wf_2025,2025-10-13 00:00:00+00:00,0,0,0,0
ou_vwap_slow,wf_2025,2025-10-14 00:00:00+00:00,0,0,0,0
ou_vwap_slow,wf_2025,2025-10-15 00:00:00+00:00,0,0,0,0
ou_vwap_slow,wf_2025,2025-10-16 00:00:00+00:00,0,0,0,0
ou_vwap_slow,wf_2025,2025-10-17 00:00:00+00:00,0,0,0,0
ou_vwap_slow,wf_2025,2025-10-20 00:00:00+00:00,0,0,0,0
ou_vwap_slow,wf_2025,2025-10-21 00:00:00+00:00,0,0,0,0
ou_vwap_slow,wf_2025,2025-10-22 00:00:00+00:00,0,0,0,0
ou_vwap_slow,wf_2025,2025-10-23 00:00:00+00:00,0,0,0,0
ou_vwap_slow,wf_2025,2025-10-24 00:00:00+00:00,0,0,0,0
ou_vwap_slow,wf_2025,2025-10-27 00:00:00+00:00,0,0,0,0
ou_vwap_slow,wf_2025,2025-10-28 00:00:00+00:00,0,0,0,0
ou_vwap_slow,wf_2025,2025-10-29 00:00:00+00:00,0,0,0,0
ou_vwap_slow,wf_2025,2025-10-30 00:00:00+00:00,0,0,0,0
ou_vwap_slow,wf_2025,2025-10-31 00:00:00+00:00,0,0,0,0
ou_vwap_slow,wf_2025,2025-11-03 00:00:00+00:00,0,0,0,0
ou_vwap_slow,wf_2025,2025-11-04 00:00:00+00:00,0,0,0,0
ou_vwap_slow,wf_2025,2025-11-05 00:00:00+00:00,0,0,0,0
ou_vwap_slow,wf_2025,2025-11-06 00:00:00+00:00,0,0,0,0
ou_vwap_slow,wf_2025,2025-11-07 00:00:00+00:00,0,0,0.00444741604267,0.00148247201422
ou_vwap_slow,wf_2025,2025-11-10 00:00:00+00:00,-0.00343195662328,-0.00308189672883,-0.00131028049711,-0.00260804461641
ou_vwap_slow,wf_2025,2025-11-11 00:00:00+00:00,0,0,0,0
ou_vwap_slow,wf_2025,2025-11-12 00:00:00+00:00,0,0,0,0
ou_vwap_slow,wf_2025,2025-11-13 00:00:00+00:00,0,0,0,0
ou_vwap_slow,wf_2025,2025-11-14 00:00:00+00:00,0,0,0,0
ou_vwap_slow,wf_2025,2025-11-17 00:00:00+00:00,0,0,0,0
ou_vwap_slow,wf_2025,2025-11-18 00:00:00+00:00,0,0,0,0
ou_vwap_slow,wf_2025,2025-11-19 00:00:00+00:00,0,0,0,0
ou_vwap_slow,wf_2025,2025-11-20 00:00:00+00:00,0,0,0,0
ou_vwap_slow,wf_2025,2025-11-21 00:00:00+00:00,0,0,0,0
ou_vwap_slow,wf_2025,2025-11-24 00:00:00+00:00,0,0,0,0
ou_vwap_slow,wf_2025,2025-11-25 00:00:00+00:00,0,0,0,0
ou_vwap_slow,wf_2025,2025-11-26 00:00:00+00:00,0,0,0,0
ou_vwap_slow,wf_2025,2025-11-28 00:00:00+00:00,0,0,0,0
ou_vwap_slow,wf_2025,2025-12-01 00:00:00+00:00,0,0,0,0
ou_vwap_slow,wf_2025,2025-12-02 00:00:00+00:00,0,0,0,0
ou_vwap_slow,wf_2025,2025-12-03 00:00:00+00:00,0,0,0,0
ou_vwap_slow,wf_2025,2025-12-04 00:00:00+00:00,0,0,0,0
ou_vwap_slow,wf_2025,2025-12-05 00:00:00+00:00,0,0,0,0
ou_vwap_slow,wf_2025,2025-12-08 00:00:00+00:00,0,0,0,0
ou_vwap_slow,wf_2025,2025-12-09 00:00:00+00:00,0,0,0,0
ou_vwap_slow,wf_2025,2025-12-10 00:00:00+00:00,0.000512936865399,0,0,0.000170978955133
ou_vwap_slow,wf_2025,2025-12-11 00:00:00+00:00,-0.0001,0.0101549685461,0,0.00335165618204
ou_vwap_slow,wf_2025,2025-12-12 00:00:00+00:00,-0.00122046212649,-0.00979505655234,0,-0.00367183955961
ou_vwap_slow,wf_2025,2025-12-15 00:00:00+00:00,0,0,0,0
ou_vwap_slow,wf_2025,2025-12-16 00:00:00+00:00,0,0,0,0
ou_vwap_slow,wf_2025,2025-12-17 00:00:00+00:00,0,0,0,0
ou_vwap_slow,wf_2025,2025-12-18 00:00:00+00:00,0,0.00473813451693,0,0.00157937817231
ou_vwap_slow,wf_2025,2025-12-19 00:00:00+00:00,0,-0.00162879487212,0,-0.000542931624039
ou_vwap_slow,wf_2025,2025-12-22 00:00:00+00:00,0,-0.0001,0,-3.33333333333e-05
ou_vwap_slow,wf_2025,2025-12-23 00:00:00+00:00,0,0,0,0
ou_vwap_slow,wf_2025,2025-12-24 00:00:00+00:00,0,0,0,0
ou_vwap_slow,wf_2025,2025-12-26 00:00:00+00:00,0,0,0,0
ou_vwap_slow,wf_2025,2025-12-29 00:00:00+00:00,0,0,0,0
ou_vwap_slow,wf_2025,2025-12-30 00:00:00+00:00,0,0,0,0
ou_vwap_slow,wf_2025,2025-12-31 00:00:00+00:00,0,0,0,0
